customer_id,product_id,product_views,cart_additions,wishlist_additions,previous_purchases,time_spent,purchased
1,49,22,7,2,0,327,1
1,17,9,2,5,4,459,1
1,28,7,3,0,4,93,1
1,32,15,6,5,2,137,1
1,26,24,3,4,1,370,0
1,39,26,9,0,1,527,1
1,9,28,8,4,1,483,1
1,42,17,0,3,2,396,1
1,41,25,2,1,3,595,0
1,11,26,6,2,4,504,0
1,44,27,8,5,3,117,1
1,15,3,1,5,4,143,0
2,24,26,2,3,0,52,0
2,23,10,1,3,4,48,1
2,40,23,3,0,0,375,0
2,12,16,1,2,4,323,0
2,18,16,1,5,1,347,0
2,8,19,3,2,4,513,1
2,58,10,5,0,2,503,1
2,44,9,5,2,0,304,0
2,37,28,0,5,4,577,0
2,5,2,9,2,2,197,0
2,47,8,3,1,3,558,0
2,3,18,1,5,2,194,1
3,36,22,4,1,0,85,0
3,11,3,8,5,0,294,1
3,2,23,3,4,0,256,1
3,8,2,4,5,3,27,1
3,60,22,0,5,0,244,1
3,18,19,9,1,3,124,1
3,46,9,9,3,2,215,1
3,6,15,5,2,3,593,0
3,9,9,0,5,0,28,0
3,25,8,9,0,4,363,1
3,30,22,0,1,4,248,1
3,16,17,4,4,4,304,1
4,33,4,3,0,0,91,0
4,20,13,5,3,4,332,1
4,36,22,7,2,3,516,1
4,10,11,9,2,2,423,1
4,4,17,8,3,3,491,1
4,41,15,8,3,0,259,1
4,6,16,6,1,3,364,1
4,30,12,6,3,0,229,1
4,48,26,0,2,4,585,0
4,18,10,4,4,1,454,0
4,38,22,7,2,0,49,1
4,8,2,9,3,2,216,1
5,56,8,0,5,4,559,0
5,37,20,9,2,4,360,1
5,31,29,0,2,3,468,1
5,14,19,5,2,3,313,1
5,34,22,5,5,1,442,1
5,16,23,9,2,2,217,1
5,17,29,9,2,0,77,0
5,11,19,1,1,4,285,0
5,39,23,7,2,1,549,1
5,9,27,4,2,4,571,1
5,53,17,9,3,0,23,1
5,59,11,1,2,1,480,1
6,21,15,7,2,4,224,1
6,39,9,2,2,3,243,0
6,9,23,8,4,3,389,1
6,45,23,0,0,1,359,0
6,31,14,1,1,3,579,0
6,49,20,1,5,1,573,1
6,37,20,2,4,0,593,0
6,36,24,6,2,4,577,1
6,47,7,0,3,4,22,0
6,53,5,9,5,3,232,0
6,58,6,7,5,1,40,1
6,16,28,4,5,1,433,1
7,14,22,3,3,0,196,1
7,38,6,7,3,4,460,1
7,2,13,5,1,4,431,0
7,60,8,8,5,2,396,0
7,28,12,0,2,4,264,0
7,33,20,8,0,4,496,1
7,56,4,9,1,0,285,0
7,5,17,5,3,0,282,1
7,10,8,1,2,4,288,0
7,54,8,9,2,4,238,1
7,8,25,6,1,1,520,1
7,59,7,1,4,1,180,0
8,37,19,1,2,3,282,0
8,13,24,5,3,1,559,0
8,25,19,3,3,1,186,1
8,4,26,3,1,0,114,0
8,60,28,2,1,3,364,1
8,22,24,0,1,1,456,1
8,29,24,1,3,3,146,1
8,24,24,7,5,4,546,1
8,39,3,9,5,1,82,0
8,18,8,9,2,2,161,0
8,41,26,0,2,3,114,0
8,3,26,1,1,3,149,0
9,34,28,6,1,4,454,1
9,12,28,9,5,0,504,1
9,42,20,8,3,0,448,1
9,32,5,0,0,0,200,0
9,35,10,4,0,2,217,1
9,56,15,0,0,1,175,0
9,53,14,5,2,4,518,1
9,26,17,4,2,3,15,1
9,9,26,0,0,1,35,1
9,14,26,3,5,2,457,1
9,37,4,0,0,4,393,0
9,19,15,2,2,3,428,1
10,47,2,6,4,1,503,1
10,25,29,6,5,1,155,1
10,34,26,8,4,1,221,1
10,55,24,2,1,2,410,0
10,51,4,0,0,2,425,0
10,5,6,2,5,0,159,1
10,60,11,9,2,0,325,1
10,59,14,0,1,0,260,1
10,49,23,9,2,4,184,1
10,42,20,6,5,0,246,1
10,45,15,8,1,1,503,1
10,23,23,8,0,2,125,1
11,36,15,3,5,3,470,1
11,3,5,6,3,4,290,1
11,33,4,1,5,1,39,0
11,1,23,1,4,2,230,1
11,44,20,3,3,0,559,1
11,9,15,8,3,0,297,0
11,28,18,4,3,2,287,1
11,54,29,1,4,1,144,1
11,41,10,2,0,4,198,1
11,29,21,1,2,3,147,1
11,20,28,7,0,4,116,1
11,43,11,6,4,3,336,1
12,36,26,8,1,0,48,1
12,18,1,2,3,3,417,1
12,43,2,8,5,1,294,0
12,57,5,3,4,4,137,0
12,48,22,7,5,3,429,1
12,23,16,3,0,0,173,0
12,29,6,2,4,2,409,1
12,45,4,4,2,3,346,0
12,37,14,6,5,3,410,1
12,14,15,1,4,4,381,0
12,39,27,0,4,2,485,1
12,53,22,6,4,2,300,1
13,43,8,3,1,1,35,0
13,42,13,8,3,2,560,0
13,51,15,6,5,2,51,1
13,57,6,1,2,2,457,0
13,10,20,5,0,1,229,0
13,21,8,7,2,3,385,1
13,52,7,3,0,3,572,1
13,15,14,4,0,4,390,0
13,41,25,3,5,3,84,0
13,54,7,9,2,3,447,1
13,18,13,6,1,3,376,1
13,14,25,5,4,2,173,1
14,14,27,3,4,0,560,0
14,53,26,6,0,3,551,1
14,49,11,1,3,3,231,1
14,6,26,4,4,0,392,0
14,5,23,9,4,3,28,1
14,20,5,8,1,0,238,1
14,36,27,6,0,4,550,1
14,24,21,1,3,4,181,1
14,19,3,6,2,1,431,1
14,31,1,9,2,3,205,1
14,51,29,7,5,1,181,0
14,43,10,8,0,4,576,1
15,50,17,4,3,0,275,0
15,59,14,7,0,0,315,0
15,11,17,9,5,0,429,1
15,1,11,5,4,2,34,1
15,2,13,1,2,3,328,0
15,35,19,7,2,0,241,0
15,16,28,0,3,0,332,1
15,36,6,7,5,4,278,1
15,21,20,5,1,1,75,1
15,30,13,1,3,4,123,0
15,46,23,2,2,4,547,0
15,52,22,7,0,0,572,0
16,48,20,5,2,0,254,1
16,4,21,9,4,4,186,1
16,17,5,5,4,3,410,1
16,36,2,8,1,1,306,1
16,10,25,5,5,4,84,1
16,14,8,2,4,2,234,1
16,57,18,0,3,4,353,1
16,3,1,3,0,4,517,0
16,30,2,8,1,4,34,0
16,2,19,8,0,1,490,1
16,24,12,7,1,1,354,1
16,20,6,4,1,0,57,0
17,21,7,4,4,1,188,0
17,6,25,1,3,3,192,1
17,36,2,8,4,1,115,0
17,19,3,9,2,1,596,0
17,7,5,2,5,2,476,1
17,33,16,7,0,3,24,0
17,39,23,2,5,0,476,0
17,1,7,2,0,0,153,0
17,22,8,2,1,3,509,0
17,59,17,6,2,1,555,1
17,34,6,7,1,4,135,1
17,12,17,7,2,1,392,1
18,25,15,5,2,1,256,1
18,41,3,8,1,4,265,1
18,19,17,0,1,3,343,0
18,15,2,1,5,4,559,0
18,31,27,5,1,0,366,0
18,2,24,3,4,4,31,1
18,49,16,1,1,0,282,0
18,53,23,1,3,4,491,0
18,40,17,6,0,4,78,0
18,59,16,2,0,4,497,1
18,13,10,8,1,0,351,1
18,55,22,1,4,2,539,0
19,35,20,7,2,0,250,1
19,12,15,6,2,0,583,1
19,31,22,3,5,4,508,1
19,20,2,0,5,1,131,0
19,38,14,6,0,2,577,1
19,45,25,1,2,1,486,1
19,21,1,2,0,2,537,0
19,25,29,5,1,3,74,0
19,9,11,0,0,2,544,1
19,52,21,6,3,1,461,1
19,5,16,6,2,1,19,1
19,11,17,4,3,0,349,0
20,38,17,0,1,2,200,1
20,20,19,7,0,2,293,1
20,40,14,1,1,1,301,0
20,28,13,8,3,1,83,1
20,32,16,4,5,0,438,1
20,12,14,7,0,0,238,1
20,8,25,7,0,3,346,1
20,25,18,7,1,2,350,1
20,56,23,7,1,4,283,1
20,10,20,4,4,1,538,1
20,17,17,3,1,2,413,1
20,54,15,8,4,2,256,1
21,31,2,0,3,1,565,0
21,5,14,7,5,1,291,1
21,53,16,3,1,1,466,1
21,47,13,6,0,3,139,1
21,23,27,2,3,1,521,0
21,21,16,2,1,3,518,1
21,41,13,3,5,1,533,0
21,13,22,4,2,2,93,0
21,4,11,4,2,4,532,1
21,60,3,9,4,4,302,1
21,51,3,5,0,1,414,1
21,43,25,5,1,4,556,1
22,54,24,6,0,0,419,0
22,47,22,5,3,1,384,1
22,48,6,0,2,1,303,0
22,7,10,7,4,4,66,1
22,59,24,0,2,1,361,1
22,15,10,9,5,0,189,1
22,23,10,9,0,2,66,1
22,20,23,6,0,4,267,1
22,35,1,4,1,3,444,0
22,56,22,1,5,4,551,1
22,28,10,6,3,0,148,0
22,24,26,3,0,4,51,1
23,56,4,4,5,0,20,1
23,20,29,4,4,4,505,1
23,6,17,6,4,2,153,1
23,27,4,7,4,1,418,1
23,41,26,4,0,3,530,1
23,14,22,3,5,3,321,1
23,25,2,1,4,1,374,1
23,42,14,9,5,3,190,1
23,33,24,8,4,2,595,1
23,31,15,5,4,4,191,1
23,17,12,5,3,1,290,1
23,21,2,3,4,2,530,0
24,59,22,1,0,1,512,0
24,13,12,6,4,3,53,1
24,60,23,5,4,3,216,1
24,3,16,4,4,0,46,0
24,20,13,1,5,3,477,0
24,25,13,6,0,3,126,1
24,6,2,1,4,1,51,0
24,53,7,4,1,1,531,1
24,51,28,2,4,0,87,1
24,47,21,0,0,0,78,0
24,10,20,7,5,2,584,1
24,44,18,0,4,0,455,0
25,32,10,9,2,3,338,1
25,11,15,1,5,3,28,0
25,42,7,1,4,2,90,0
25,4,8,3,5,0,213,1
25,15,29,8,3,2,23,1
25,14,10,8,2,3,219,1
25,39,24,2,0,0,344,0
25,59,9,7,3,4,428,1
25,55,19,3,0,4,442,0
25,37,10,6,3,1,36,0
25,17,27,6,0,4,91,0
25,34,22,1,3,1,517,1
26,11,19,1,3,1,366,1
26,56,3,2,5,1,572,0
26,13,12,0,4,1,13,0
26,27,24,0,3,2,334,0
26,38,9,2,4,3,161,0
26,19,3,3,0,4,177,1
26,16,3,7,3,0,305,1
26,17,14,5,0,3,250,1
26,3,9,1,0,4,189,0
26,58,28,9,5,2,448,1
26,21,28,9,3,4,93,1
26,36,13,8,0,4,502,1
27,43,10,9,2,3,91,1
27,24,16,5,5,2,523,1
27,18,9,4,3,4,310,0
27,27,29,9,4,2,137,1
27,46,15,4,2,4,480,0
27,9,21,9,2,0,585,1
27,41,29,9,2,3,12,1
27,49,29,3,2,0,451,1
27,29,1,4,5,1,173,0
27,58,18,0,2,2,421,0
27,52,25,5,3,2,60,1
27,21,12,9,4,0,267,1
28,56,9,9,1,4,511,1
28,51,20,5,4,0,102,1
28,9,28,5,5,4,234,1
28,18,25,7,4,1,550,1
28,17,11,7,4,4,563,1
28,27,4,8,2,1,546,0
28,41,27,0,1,1,134,1
28,4,29,9,5,4,587,1
28,32,18,6,1,3,413,0
28,25,16,3,0,0,218,0
28,42,21,3,4,0,504,0
28,34,23,7,5,3,458,1
29,58,19,5,2,4,381,0
29,37,4,3,3,3,190,1
29,20,16,8,1,1,30,1
29,38,12,6,4,1,345,1
29,21,19,8,5,0,110,1
29,19,16,0,2,1,504,1
29,14,2,2,0,2,132,1
29,32,16,3,3,4,400,1
29,6,12,2,4,0,515,1
29,30,10,0,4,4,371,1
29,8,1,3,3,1,18,0
29,22,29,1,5,0,152,0
30,19,14,4,1,1,339,0
30,34,11,8,1,4,295,1
30,31,6,5,2,4,524,1
30,53,24,4,5,2,197,1
30,35,10,0,3,1,532,1
30,58,26,1,4,3,567,1
30,41,21,1,2,4,551,1
30,27,25,8,2,3,497,1
30,6,5,7,2,2,561,1
30,21,27,2,1,1,422,1
30,32,9,0,2,4,376,1
30,17,7,9,3,4,115,1
31,4,2,8,4,1,60,0
31,48,3,5,2,1,452,0
31,44,16,0,2,2,219,0
31,19,20,4,2,2,130,1
31,55,5,0,2,3,584,0
31,29,12,8,1,4,182,1
31,11,24,2,5,3,148,1
31,42,14,2,5,3,360,1
31,57,11,9,0,2,224,0
31,32,19,7,1,4,204,1
31,37,25,0,4,2,511,1
31,31,9,5,4,0,414,0
32,10,3,0,0,2,22,0
32,52,16,8,0,2,300,1
32,26,5,1,5,4,396,1
32,29,20,4,5,0,209,1
32,56,20,1,3,3,560,0
32,25,24,8,1,1,598,0
32,54,18,3,0,4,223,1
32,32,10,7,1,0,155,1
32,20,26,4,3,2,483,1
32,48,23,4,5,0,162,1
32,60,23,8,2,0,195,1
32,16,20,2,4,4,475,1
33,15,23,0,4,4,235,1
33,1,13,9,0,1,191,1
33,53,26,7,2,4,282,1
33,14,4,9,4,2,34,1
33,13,20,1,5,1,46,0
33,44,28,2,3,1,95,1
33,51,21,2,2,2,442,0
33,41,4,6,2,3,536,1
33,5,5,4,4,1,373,1
33,29,15,3,3,1,175,0
33,2,26,2,2,3,513,0
33,22,8,4,1,1,127,0
34,57,14,5,2,2,238,1
34,40,6,1,2,0,283,1
34,49,25,7,3,4,479,1
34,46,20,9,3,2,215,1
34,38,24,7,1,4,318,1
34,16,27,3,4,0,314,1
34,24,8,6,1,0,302,1
34,59,8,6,5,3,520,1
34,7,18,5,3,1,373,1
34,42,7,5,3,4,376,1
34,31,20,2,3,2,480,0
34,36,29,6,5,1,412,1
35,17,8,2,2,0,244,0
35,34,8,4,0,0,307,0
35,38,24,6,2,1,208,1
35,31,22,3,1,0,332,0
35,37,23,7,1,2,17,1
35,57,3,0,5,4,228,0
35,23,2,0,0,3,383,0
35,36,9,0,3,0,214,0
35,20,21,4,1,2,130,1
35,7,20,8,5,1,378,1
35,26,11,9,0,0,186,1
35,35,22,3,4,1,369,1
36,41,15,6,5,2,71,1
36,28,5,6,1,0,61,1
36,45,14,0,1,3,247,0
36,49,16,7,3,1,390,1
36,3,27,1,3,0,217,1
36,48,24,7,5,4,453,1
36,58,17,8,1,3,112,1
36,21,6,9,3,2,125,1
36,6,6,7,5,0,327,0
36,32,16,7,0,1,95,0
36,19,10,7,0,3,510,0
36,51,27,3,4,0,323,1
37,57,6,7,1,3,304,1
37,53,17,9,5,0,58,0
37,60,5,3,0,1,218,1
37,47,7,0,1,2,338,0
37,24,4,3,3,0,544,0
37,26,5,6,0,3,299,0
37,19,29,1,0,2,555,1
37,32,11,1,4,4,414,1
37,28,19,6,5,4,238,1
37,35,11,7,5,4,547,1
37,45,7,2,5,2,368,0
37,29,4,9,5,0,174,1
38,50,28,9,1,0,100,0
38,49,5,9,4,2,386,1
38,24,24,2,2,0,569,1
38,60,12,0,0,4,66,1
38,19,11,8,0,1,211,1
38,58,28,5,3,3,564,1
38,34,27,9,0,4,143,1
38,42,18,5,0,0,134,0
38,54,8,2,5,4,255,0
38,12,1,3,1,3,277,1
38,15,7,6,2,3,573,1
38,16,13,1,0,1,193,0
39,58,1,0,2,2,172,0
39,49,5,0,1,1,294,0
39,39,20,9,2,1,440,1
39,9,10,9,2,0,65,0
39,22,10,1,0,3,100,0
39,32,2,0,0,0,349,0
39,51,4,7,4,3,114,1
39,46,18,9,2,0,57,1
39,33,7,4,0,2,558,0
39,13,22,4,4,0,201,1
39,29,8,0,1,3,91,0
39,23,10,7,3,4,598,0
40,11,18,0,4,0,197,1
40,31,10,6,0,1,389,0
40,37,1,1,4,1,74,0
40,58,5,0,3,4,378,0
40,49,14,9,2,4,132,1
40,38,17,8,1,4,324,1
40,30,6,0,2,3,569,0
40,36,5,0,3,3,63,1
40,13,3,8,5,3,467,0
40,32,10,5,5,1,139,1
40,3,10,0,4,1,536,0
40,20,8,9,5,4,123,1
41,35,26,4,0,0,339,0
41,28,3,9,2,3,566,0
41,57,3,1,2,4,294,1
41,23,15,1,0,1,113,0
41,32,18,8,4,2,145,1
41,1,3,5,0,3,508,1
41,41,21,4,2,3,300,1
41,60,14,3,3,2,56,0
41,36,16,4,3,3,517,1
41,5,13,8,3,3,86,1
41,54,26,5,1,4,560,1
41,3,19,7,2,0,86,1
42,44,25,2,1,3,42,0
42,39,14,8,1,0,352,0
42,41,29,8,5,4,326,1
42,60,22,2,5,3,504,1
42,26,3,9,0,0,578,0
42,5,17,4,2,0,385,1
42,37,3,4,3,3,338,0
42,35,7,9,1,2,478,1
42,23,13,2,3,0,559,1
42,54,18,2,0,4,309,0
42,38,1,7,3,2,531,1
42,6,9,1,5,3,238,0
43,13,1,0,1,0,112,0
43,38,20,1,3,2,20,1
43,22,15,9,0,2,594,0
43,20,28,0,0,3,238,1
43,39,18,5,0,3,62,0
43,43,23,9,5,3,344,1
43,6,26,8,1,1,505,0
43,4,28,4,2,1,308,1
43,24,20,4,3,3,402,1
43,18,29,6,4,4,177,1
43,31,24,2,1,1,231,0
43,7,22,0,0,1,475,0
44,29,26,7,4,4,308,1
44,55,19,4,2,1,220,1
44,16,13,7,1,3,365,1
44,12,17,3,3,4,582,1
44,27,4,9,0,2,120,1
44,17,25,0,5,1,108,1
44,50,18,5,0,4,249,0
44,59,23,3,0,4,280,0
44,18,18,2,1,1,343,1
44,44,19,4,2,3,481,0
44,47,23,7,5,0,212,1
44,40,17,3,2,0,22,0
45,17,6,5,5,4,440,0
45,13,26,3,1,1,569,1
45,27,17,4,3,4,266,0
45,35,1,5,0,1,470,0
45,41,1,4,0,0,442,1
45,44,17,7,0,3,78,0
45,12,6,8,0,0,266,0
45,53,10,2,0,2,325,0
45,59,18,1,0,0,375,0
45,8,17,0,3,3,443,0
45,21,25,1,3,0,187,0
45,20,10,0,2,3,239,1
46,37,17,9,5,1,72,1
46,47,1,3,2,4,331,1
46,8,6,4,4,0,470,0
46,36,16,1,1,3,81,1
46,2,10,8,0,2,284,0
46,57,19,5,5,1,582,1
46,48,18,1,2,0,471,1
46,40,1,6,4,3,473,1
46,56,27,9,5,2,571,1
46,14,12,6,5,4,244,1
46,60,4,2,1,0,99,0
46,18,13,0,4,2,542,0
47,12,3,0,3,4,511,0
47,2,17,5,5,0,151,0
47,41,1,5,0,3,64,0
47,7,7,0,0,4,334,0
47,24,16,8,5,0,573,0
47,22,10,8,4,2,573,1
47,21,28,2,4,4,257,0
47,8,3,6,5,4,295,1
47,6,24,4,0,4,122,1
47,20,8,3,3,1,130,1
47,13,2,9,1,0,48,0
47,33,26,0,0,3,537,1
48,28,26,7,3,0,430,1
48,59,1,3,5,1,481,0
48,60,5,6,0,4,277,1
48,47,8,8,5,3,351,1
48,41,20,3,5,0,19,1
48,57,4,3,0,2,287,0
48,36,9,0,3,0,17,0
48,44,29,0,0,3,527,1
48,54,5,1,0,1,348,1
48,17,8,2,1,0,515,0
48,32,8,2,1,1,104,1
48,6,18,8,5,0,446,1
49,44,17,3,4,4,104,1
49,11,27,6,4,4,90,1
49,21,6,8,2,4,275,0
49,24,15,7,2,1,429,1
49,15,1,4,4,0,497,1
49,30,7,3,2,2,551,0
49,43,11,0,3,0,422,0
49,48,25,2,2,3,152,1
49,46,11,2,4,1,173,1
49,19,13,0,4,4,599,0
49,31,14,7,3,3,348,1
49,20,4,2,0,4,86,0
50,24,6,0,1,4,183,0
50,47,29,1,5,1,536,1
50,3,13,6,2,3,578,0
50,52,18,5,2,0,312,1
50,7,22,5,0,4,569,0
50,53,3,6,1,2,110,0
50,15,3,9,1,3,290,0
50,33,15,7,5,2,311,0
50,35,29,4,0,2,390,1
50,56,4,9,2,2,317,1
50,57,28,5,5,0,373,1
50,25,1,7,4,0,184,1
51,51,13,3,0,1,242,0
51,24,28,7,2,2,243,1
51,22,13,7,0,2,512,1
51,13,16,9,4,3,373,1
51,45,18,3,0,1,273,1
51,38,7,8,2,0,119,1
51,36,16,3,5,3,253,1
51,8,26,9,0,3,492,1
51,43,22,2,2,1,110,1
51,54,16,0,0,2,172,0
51,10,22,2,3,4,542,0
51,23,10,0,2,2,64,1
52,36,16,7,1,0,442,1
52,27,24,9,2,4,472,1
52,2,6,2,5,1,104,1
52,10,11,9,5,3,545,1
52,58,4,4,4,4,419,0
52,50,5,2,4,2,131,1
52,40,29,0,0,0,510,0
52,54,13,5,4,4,100,1
52,41,20,9,4,4,70,1
52,52,29,8,5,4,523,1
52,6,2,1,2,2,205,0
52,30,18,3,0,1,230,1
53,26,26,2,3,0,71,0
53,37,3,0,3,2,511,0
53,17,25,8,3,4,10,1
53,15,8,3,4,0,95,0
53,1,23,3,3,3,184,1
53,46,5,7,0,1,452,0
53,18,16,0,3,1,363,0
53,49,1,9,1,4,328,0
53,43,22,9,1,3,51,1
53,22,23,0,3,0,301,1
53,25,4,2,0,1,345,1
53,34,22,3,5,4,271,1
54,48,5,3,5,4,452,1
54,6,9,5,2,1,217,1
54,5,10,2,1,0,387,0
54,59,27,7,2,0,196,1
54,51,29,3,2,2,108,1
54,55,4,5,2,2,190,1
54,33,25,0,0,0,184,0
54,58,22,6,2,2,358,1
54,37,4,1,1,2,17,0
54,40,11,4,0,0,244,0
54,47,21,9,3,0,592,1
54,20,29,9,3,1,325,1
55,21,27,5,2,3,158,1
55,4,29,4,2,4,455,1
55,23,18,2,0,1,193,0
55,53,13,5,4,2,302,1
55,9,3,2,3,3,421,0
55,46,18,9,3,3,163,1
55,34,17,7,0,4,577,1
55,14,27,9,3,3,220,1
55,3,7,3,4,0,336,0
55,28,26,6,4,1,102,1
55,45,16,9,2,0,362,1
55,44,24,8,2,1,508,0
56,52,10,1,4,3,593,1
56,55,17,1,4,0,227,1
56,51,12,6,1,4,426,0
56,43,15,5,3,1,407,0
56,17,20,8,1,0,137,1
56,6,11,8,4,4,463,1
56,32,25,7,0,3,143,1
56,4,4,1,3,0,357,1
56,11,7,5,2,0,230,0
56,49,25,1,2,1,167,1
56,25,11,7,2,2,539,1
56,45,24,2,3,0,101,0
57,30,24,2,3,2,216,1
57,2,21,8,3,0,243,1
57,59,14,0,5,0,91,1
57,21,24,0,2,4,466,0
57,17,15,8,1,2,97,0
57,22,8,6,4,0,512,0
57,55,21,4,2,2,399,1
57,35,12,1,3,3,241,0
57,33,26,5,0,1,312,1
57,31,13,8,3,4,356,1
57,58,7,7,4,0,471,0
57,42,4,3,4,0,433,1
58,2,5,8,1,3,326,1
58,30,21,3,1,3,495,0
58,60,11,7,3,3,405,1
58,37,16,0,4,1,473,0
58,26,4,6,4,0,318,1
58,39,9,4,0,3,52,0
58,51,10,3,4,4,264,1
58,14,16,8,5,3,264,1
58,38,3,1,4,2,462,0
58,28,28,9,1,2,140,0
58,56,17,0,1,0,24,0
58,35,19,2,5,3,54,0
59,4,24,4,3,4,466,1
59,49,2,7,4,0,581,1
59,46,21,2,1,3,53,1
59,5,2,8,4,3,457,0
59,24,26,9,4,1,44,0
59,55,19,4,3,2,273,0
59,42,3,5,4,1,55,1
59,56,26,9,3,1,588,1
59,29,16,9,2,3,156,1
59,16,20,0,5,1,37,0
59,13,22,5,4,1,362,1
59,43,8,0,3,1,165,0
60,49,8,4,3,2,544,1
60,40,15,1,4,2,469,1
60,6,20,3,2,4,588,0
60,14,19,1,3,4,511,0
60,32,28,5,1,2,429,1
60,42,25,5,5,4,167,1
60,59,25,3,1,2,414,0
60,39,13,4,5,0,56,1
60,48,7,5,5,3,512,1
60,11,16,9,4,0,241,0
60,45,10,3,3,1,574,0
60,24,19,7,4,1,428,1
61,23,13,5,0,4,444,1
61,34,27,5,5,1,392,1
61,55,23,4,5,4,178,1
61,42,2,3,5,4,546,1
61,49,4,1,4,2,263,0
61,9,21,9,4,0,351,1
61,11,17,8,3,4,540,1
61,21,14,8,5,2,55,1
61,10,14,4,2,3,390,0
61,26,18,2,4,3,123,1
61,22,11,9,2,2,324,0
61,41,15,0,4,1,106,0
62,17,11,0,1,0,500,0
62,46,4,6,1,1,263,0
62,26,8,7,0,1,245,1
62,45,28,8,2,4,448,1
62,11,5,9,3,0,473,1
62,5,23,7,1,4,518,1
62,52,10,5,4,1,511,1
62,7,27,8,2,1,418,1
62,37,17,4,0,2,352,1
62,3,29,0,5,4,541,1
62,57,12,3,3,4,401,1
62,22,11,8,0,1,20,0
63,43,20,2,1,2,66,1
63,8,24,5,5,4,187,1
63,26,26,5,2,0,326,1
63,48,13,1,5,0,405,0
63,36,8,4,5,1,181,0
63,27,22,9,4,3,365,0
63,10,8,9,2,1,575,1
63,2,23,0,4,1,416,1
63,7,23,2,4,3,25,1
63,3,6,1,5,4,456,0
63,18,27,4,2,2,299,1
63,59,23,0,0,4,367,0
64,30,7,0,5,4,276,0
64,29,27,9,3,0,26,1
64,46,28,6,5,3,183,1
64,26,11,9,1,4,36,1
64,42,28,9,1,1,590,1
64,59,21,7,5,2,455,1
64,9,29,1,1,0,245,1
64,39,20,0,3,4,568,0
64,20,17,4,1,0,463,1
64,14,19,7,0,3,102,1
64,19,27,7,0,4,493,1
64,44,5,7,3,2,282,1
65,22,3,2,2,2,177,1
65,43,12,9,2,3,554,1
65,54,4,5,2,2,20,0
65,19,12,8,0,1,268,1
65,40,28,6,2,1,481,1
65,23,6,3,2,3,286,1
65,11,18,5,2,3,414,1
65,21,28,4,4,0,356,1
65,52,28,6,3,4,440,1
65,30,26,3,5,2,548,1
65,33,6,3,4,2,268,1
65,45,24,0,2,2,334,1
66,39,11,0,0,1,189,0
66,9,11,7,0,2,548,1
66,55,27,5,1,4,228,1
66,34,16,5,2,1,431,0
66,23,15,0,2,2,294,0
66,47,5,4,4,3,126,1
66,24,6,3,4,2,146,0
66,33,26,3,0,0,190,0
66,2,19,9,0,1,165,0
66,28,9,5,1,0,34,0
66,31,24,7,3,3,476,1
66,57,2,4,1,3,560,1
67,55,20,0,0,1,550,1
67,14,13,2,1,4,142,1
67,2,2,0,4,0,325,0
67,44,28,9,3,1,398,1
67,59,7,8,0,2,575,1
67,37,13,5,4,3,313,1
67,31,22,5,1,3,22,1
67,29,9,9,1,4,535,1
67,20,4,7,5,2,129,0
67,6,28,9,0,4,298,1
67,58,10,9,4,3,141,1
67,48,4,0,0,2,310,1
68,51,5,1,0,0,454,0
68,30,10,1,0,3,499,0
68,14,15,6,2,4,598,0
68,39,28,1,4,0,578,1
68,12,26,3,4,4,44,1
68,57,1,2,2,0,599,1
68,40,7,2,4,2,173,1
68,25,23,1,3,4,224,1
68,46,26,9,3,2,56,1
68,53,27,1,1,1,526,1
68,19,10,3,5,1,142,0
68,44,26,3,0,3,483,1
69,20,5,1,3,2,573,0
69,53,26,7,0,4,353,1
69,51,23,0,1,0,366,1
69,37,6,9,0,3,286,1
69,28,19,8,4,4,425,1
69,12,14,5,0,2,333,1
69,59,19,4,1,1,566,1
69,43,3,4,2,4,435,1
69,9,18,2,0,1,203,1
69,23,24,2,0,4,230,1
69,19,23,0,3,1,126,0
69,5,15,9,4,3,304,1
70,35,8,3,3,2,504,0
70,11,21,3,3,2,151,1
70,57,14,0,5,1,582,0
70,39,22,8,0,1,187,1
70,31,21,2,3,3,404,0
70,46,13,9,1,4,387,1
70,28,8,8,1,3,84,0
70,5,12,4,5,2,539,0
70,38,11,4,0,2,135,0
70,16,6,3,3,3,226,0
70,25,10,5,5,4,208,0
70,8,18,3,1,2,565,1
71,42,1,8,4,2,330,0
71,3,24,3,1,0,205,0
71,57,3,6,1,4,507,1
71,30,4,7,5,1,593,1
71,23,10,4,3,0,588,1
71,37,10,3,4,1,255,1
71,47,19,3,2,1,451,1
71,54,16,0,1,3,526,1
71,25,21,3,5,4,409,1
71,48,22,2,1,3,510,0
71,36,28,0,4,0,80,1
71,29,26,4,3,4,139,1
72,3,28,8,4,4,173,1
72,36,14,2,3,4,131,0
72,12,6,2,1,0,319,0
72,31,20,7,0,2,258,1
72,9,14,5,3,0,24,1
72,21,13,4,0,0,262,1
72,47,27,2,3,1,10,0
72,29,4,0,0,1,160,1
72,44,23,9,5,0,566,1
72,59,16,0,3,4,289,0
72,38,24,3,4,3,43,1
72,46,2,8,5,1,188,1
73,8,29,7,3,1,46,0
73,36,27,2,5,0,92,0
73,30,16,8,2,3,474,0
73,25,27,1,2,2,129,1
73,12,6,4,4,1,419,0
73,13,7,7,3,1,520,0
73,35,13,6,3,2,415,1
73,43,29,0,2,1,229,0
73,33,5,0,3,4,17,0
73,1,17,0,2,1,337,0
73,14,14,7,4,2,48,1
73,31,4,8,4,3,188,0
74,12,14,3,0,1,456,1
74,21,17,3,0,1,125,1
74,9,8,6,0,3,351,1
74,50,23,8,2,2,567,1
74,54,19,6,2,0,87,1
74,11,17,1,5,2,286,0
74,26,27,1,0,2,392,0
74,47,24,1,5,0,37,0
74,40,18,7,0,3,50,1
74,49,4,8,5,3,55,1
74,28,24,6,1,4,447,0
74,32,5,3,5,3,548,0
75,41,25,8,4,1,377,1
75,51,18,7,3,4,564,1
75,14,21,4,2,2,544,1
75,5,19,2,3,2,371,1
75,54,20,8,2,4,445,0
75,59,6,7,1,4,71,0
75,20,6,4,3,0,550,0
75,44,23,9,2,4,11,1
75,34,27,1,4,0,117,0
75,10,21,4,2,2,236,0
75,60,13,2,4,1,74,1
75,3,7,9,4,3,116,1
76,18,8,4,5,3,319,1
76,53,6,5,1,4,256,0
76,32,28,5,5,2,520,1
76,15,6,9,1,4,599,1
76,8,19,9,3,3,18,0
76,4,16,0,4,2,117,1
76,45,1,6,4,4,58,1
76,14,16,0,5,1,453,0
76,35,26,0,0,3,155,1
76,51,26,7,5,1,120,1
76,46,25,1,5,3,352,0
76,23,6,9,5,0,578,0
77,33,22,8,2,4,24,1
77,41,21,4,4,3,14,1
77,32,21,1,4,3,235,0
77,59,9,8,0,3,513,1
77,18,17,1,2,1,32,1
77,47,11,1,0,3,470,0
77,21,20,3,3,3,566,1
77,57,26,6,3,2,399,1
77,13,6,2,3,1,359,0
77,43,6,3,2,2,526,1
77,23,27,8,5,2,171,1
77,51,24,7,2,1,239,1
78,45,20,8,2,0,444,1
78,20,23,4,5,0,195,0
78,32,12,9,4,1,283,1
78,38,20,0,3,4,12,0
78,4,15,9,1,4,159,1
78,21,27,0,3,2,578,1
78,16,15,8,4,0,576,1
78,43,24,6,0,1,186,1
78,60,9,6,0,0,590,1
78,11,12,5,3,4,37,1
78,26,6,5,3,2,94,1
78,31,18,2,2,3,39,1
79,24,16,5,3,0,437,0
79,26,9,1,0,3,54,0
79,39,12,0,4,2,389,0
79,31,6,3,2,4,428,0
79,22,9,5,4,2,295,1
79,5,2,9,3,4,499,1
79,57,1,1,1,2,360,1
79,44,15,6,4,2,356,0
79,54,5,3,0,3,557,1
79,10,18,8,2,3,87,1
79,25,8,7,3,1,521,0
79,35,22,1,5,4,25,1
80,23,8,6,3,2,93,1
80,4,8,6,5,0,68,1
80,11,8,5,0,0,351,0
80,40,8,0,4,1,265,1
80,37,28,9,1,1,356,1
80,3,7,4,4,3,421,1
80,51,4,9,3,1,396,1
80,53,7,4,2,1,497,0
80,33,7,8,5,1,187,0
80,56,24,8,3,3,91,1
80,39,1,9,4,3,83,1
80,42,24,1,4,3,561,1
81,47,25,5,4,4,213,1
81,59,16,5,4,3,309,1
81,15,2,2,0,2,418,1
81,30,26,8,3,2,30,1
81,2,29,8,4,4,212,1
81,36,10,0,1,3,415,0
81,31,6,9,1,3,252,1
81,55,6,2,1,3,515,0
81,40,3,5,4,2,492,1
81,53,21,7,3,1,525,1
81,58,4,3,1,0,163,0
81,12,4,8,2,4,562,1
82,17,18,2,1,4,87,0
82,12,18,9,1,0,144,1
82,13,10,4,4,2,92,0
82,10,3,5,5,3,502,1
82,25,29,2,3,3,481,1
82,31,19,2,3,0,75,1
82,24,26,1,5,2,255,1
82,23,12,0,0,0,339,0
82,33,19,6,0,2,88,1
82,41,23,3,3,3,495,1
82,28,9,6,4,4,448,1
82,27,14,7,0,1,124,1
83,12,5,9,1,1,237,0
83,34,13,2,4,3,459,1
83,41,26,1,5,3,339,1
83,5,17,5,2,2,429,1
83,43,24,9,5,2,317,1
83,27,14,9,3,0,582,1
83,39,8,7,3,2,195,0
83,25,5,5,4,2,17,0
83,37,4,8,0,2,92,0
83,22,27,2,0,3,346,1
83,24,11,9,2,2,71,1
83,54,25,3,1,4,187,1
84,43,8,4,1,0,360,0
84,46,28,5,4,4,536,1
84,49,25,4,4,1,228,1
84,18,21,3,3,2,227,1
84,57,15,3,1,3,348,1
84,48,13,2,4,0,45,0
84,35,3,1,2,3,32,1
84,11,13,6,0,3,262,1
84,16,15,2,2,3,17,1
84,17,19,3,5,3,417,0
84,30,25,5,2,4,588,1
84,41,28,9,1,0,345,1
85,54,11,1,4,3,185,0
85,35,14,2,1,0,60,0
85,23,26,0,3,1,503,0
85,15,20,5,4,0,248,1
85,8,9,3,4,1,17,1
85,18,19,9,5,0,455,1
85,60,16,3,4,0,207,0
85,27,21,4,1,1,349,0
85,4,5,0,5,1,439,0
85,19,6,7,0,4,421,1
85,50,21,3,1,1,446,0
85,7,13,0,0,4,187,0
86,43,19,7,0,2,501,1
86,2,15,3,3,2,86,1
86,16,22,6,4,1,153,1
86,4,16,6,2,4,384,1
86,44,28,2,5,1,123,1
86,51,20,5,4,1,579,0
86,12,18,1,3,2,574,1
86,56,8,4,2,1,329,1
86,35,9,0,0,0,523,0
86,34,4,1,1,2,201,0
86,7,25,9,0,3,200,1
86,57,23,7,4,1,292,0
87,32,27,6,5,1,256,1
87,56,4,5,2,2,47,1
87,19,16,0,4,0,35,0
87,23,16,5,1,1,163,1
87,21,20,0,5,2,294,0
87,44,18,1,1,2,282,1
87,7,22,2,1,4,10,1
87,39,4,8,3,1,467,0
87,24,29,5,3,1,140,1
87,30,29,7,0,1,178,1
87,13,4,4,1,4,240,0
87,6,7,8,3,1,455,0
88,48,23,6,0,4,253,0
88,42,4,3,3,3,86,0
88,40,20,6,3,0,553,1
88,58,26,0,4,4,531,1
88,28,16,9,3,2,229,0
88,34,15,9,3,4,592,1
88,11,13,0,3,3,24,0
88,47,11,7,3,2,235,1
88,32,10,3,4,1,166,1
88,52,18,4,2,1,242,1
88,53,29,2,0,1,599,0
88,30,21,0,0,2,381,1
89,5,26,0,3,1,217,1
89,25,4,5,1,0,112,0
89,14,7,8,4,3,576,1
89,56,5,1,4,3,81,0
89,53,21,8,0,2,230,0
89,21,22,5,3,2,51,1
89,9,12,6,4,1,218,1
89,28,7,2,5,2,422,0
89,42,20,5,5,2,165,1
89,35,26,6,4,2,251,1
89,4,20,3,2,4,374,1
89,20,15,0,4,3,525,1
90,12,12,8,5,3,566,0
90,59,1,7,5,2,83,1
90,51,7,9,3,0,123,0
90,11,10,2,5,4,88,0
90,17,29,3,4,1,294,0
90,45,10,4,0,3,245,1
90,48,28,9,0,4,389,1
90,54,19,3,3,0,518,1
90,57,13,8,2,0,194,0
90,26,18,1,5,2,346,1
90,23,8,8,4,1,427,1
90,20,9,3,4,4,367,1
91,52,29,2,3,1,189,1
91,43,21,4,2,2,271,1
91,8,7,3,4,4,478,0
91,42,19,3,4,1,125,0
91,6,24,2,0,0,266,0
91,34,21,5,1,0,205,1
91,5,4,4,0,0,464,1
91,32,16,1,5,1,402,0
91,54,23,5,2,4,180,1
91,36,7,8,2,0,283,1
91,50,15,0,2,4,307,0
91,60,16,2,1,4,185,1
92,21,4,6,4,4,174,1
92,35,8,6,5,1,551,0
92,10,10,1,5,1,528,1
92,45,14,1,4,0,83,0
92,18,6,8,2,3,24,0
92,57,25,7,4,1,472,1
92,5,24,7,5,3,79,1
92,1,25,0,0,1,553,1
92,16,24,7,2,3,288,1
92,34,21,9,3,2,579,1
92,42,25,6,3,2,408,1
92,27,2,0,3,1,178,0
93,50,23,1,5,4,96,1
93,41,4,9,0,1,44,1
93,6,24,7,4,2,334,1
93,16,10,9,5,1,297,1
93,30,29,4,5,3,112,1
93,55,27,7,4,1,313,1
93,37,16,2,4,1,524,0
93,43,5,9,3,4,361,1
93,2,12,4,4,2,42,1
93,32,21,7,3,3,249,1
93,29,21,9,0,0,459,0
93,40,25,3,2,2,154,0
94,37,11,8,2,4,515,0
94,14,6,7,1,4,358,1
94,19,6,2,5,3,75,0
94,12,11,5,2,1,168,0
94,45,24,0,3,4,164,1
94,35,27,2,5,1,299,1
94,17,7,2,5,2,493,0
94,51,3,8,1,4,147,0
94,30,14,6,5,2,453,1
94,46,26,5,5,1,462,1
94,47,3,8,2,2,378,1
94,39,12,2,1,0,444,0
95,53,24,7,2,1,132,0
95,27,11,5,4,0,475,0
95,59,11,4,2,4,65,0
95,29,22,3,0,1,587,1
95,31,27,5,2,2,165,1
95,39,1,1,2,0,403,0
95,49,26,4,4,0,140,1
95,37,26,0,0,0,169,0
95,16,8,4,5,2,529,1
95,47,15,1,1,1,531,0
95,30,1,6,2,3,70,1
95,51,16,5,4,3,443,1
96,18,26,9,0,0,47,1
96,25,25,5,1,0,193,0
96,20,16,7,3,0,354,1
96,36,12,8,2,3,447,1
96,15,11,3,5,4,538,0
96,40,4,9,3,0,525,0
96,54,24,5,0,0,241,0
96,16,3,0,0,4,233,0
96,14,22,5,5,3,224,1
96,10,25,0,4,1,236,1
96,46,20,0,0,1,312,0
96,35,8,5,5,1,402,0
97,59,3,6,4,1,14,0
97,1,18,8,4,1,287,1
97,38,8,3,5,2,352,0
97,21,21,6,0,3,184,0
97,13,12,0,2,3,10,0
97,45,7,1,2,4,33,0
97,51,19,0,0,2,123,1
97,44,27,4,0,3,251,1
97,54,1,2,5,0,51,1
97,20,20,1,2,1,521,0
97,8,11,8,3,3,136,1
97,37,28,1,0,0,502,1
98,40,10,4,2,2,48,0
98,22,12,2,3,3,135,0
98,32,18,0,2,2,43,0
98,18,17,1,4,4,66,0
98,55,5,8,4,2,303,0
98,38,5,0,1,2,97,0
98,13,21,3,4,1,440,1
98,60,15,7,1,4,75,1
98,47,4,6,4,0,424,1
98,46,26,0,3,4,449,1
98,3,2,3,5,3,198,0
98,30,27,3,3,0,152,0
99,11,25,4,5,3,436,1
99,14,7,4,1,2,444,1
99,34,19,4,0,2,190,1
99,21,11,6,4,1,94,1
99,39,4,0,5,4,120,0
99,56,27,4,3,4,128,1
99,44,15,6,0,3,462,1
99,50,10,3,4,4,254,1
99,49,13,3,3,4,192,1
99,38,22,5,3,1,302,0
99,17,5,8,4,3,414,1
99,41,29,3,1,1,404,1
100,44,3,5,3,3,51,1
100,7,19,0,0,0,151,1
100,18,27,2,5,0,517,0
100,6,29,7,5,0,30,1
100,4,9,5,1,0,193,0
100,52,10,3,5,0,159,1
100,12,9,4,5,2,81,1
100,25,13,3,3,2,302,1
100,2,25,7,4,0,338,1
100,10,2,3,4,0,86,0
100,17,24,1,1,4,457,0
100,47,26,8,4,0,317,1
101,5,13,3,1,3,380,0
101,37,16,9,0,1,263,1
101,9,11,1,2,2,580,0
101,30,6,6,1,4,371,0
101,60,27,2,4,0,501,0
101,56,26,8,4,0,78,0
101,1,16,8,0,2,331,1
101,49,24,2,1,0,331,0
101,54,2,7,4,2,244,1
101,42,7,5,5,4,298,1
101,57,17,9,5,3,344,1
101,27,15,0,3,2,334,0
102,44,1,2,5,0,406,0
102,43,7,3,2,1,106,0
102,38,13,4,1,2,225,0
102,33,27,5,2,4,566,1
102,55,4,0,4,4,204,0
102,9,5,3,0,2,403,0
102,16,23,0,5,3,562,0
102,28,14,9,5,1,573,1
102,6,26,6,3,4,476,1
102,13,12,3,2,3,215,1
102,2,19,9,0,2,594,0
102,49,19,7,0,4,168,1
103,5,19,0,2,0,467,0
103,35,28,5,3,2,507,1
103,51,1,2,3,1,30,1
103,58,23,9,0,3,398,0
103,13,10,8,1,3,377,0
103,57,10,9,0,1,492,0
103,10,19,5,5,4,511,1
103,20,21,1,5,3,567,1
103,19,20,3,0,0,183,1
103,41,28,1,2,3,351,1
103,55,5,5,3,1,390,0
103,42,25,8,0,3,24,1
104,5,15,3,3,2,23,1
104,55,14,2,0,3,266,1
104,10,24,9,3,3,598,1
104,35,9,6,1,2,125,0
104,11,24,9,5,1,287,0
104,27,11,8,1,0,152,1
104,24,3,3,5,4,245,0
104,12,25,2,5,3,201,1
104,19,10,1,2,3,565,0
104,28,26,1,0,1,138,0
104,57,7,0,0,0,364,0
104,49,20,1,0,3,96,1
105,55,20,2,4,4,11,1
105,29,8,7,4,2,589,1
105,20,20,5,4,0,553,1
105,60,1,5,2,2,208,0
105,54,17,0,5,4,515,1
105,37,24,0,1,4,210,1
105,56,10,7,2,1,364,1
105,44,9,0,5,3,155,0
105,28,12,6,4,1,81,1
105,16,2,4,0,3,463,0
105,23,19,7,4,0,143,1
105,7,27,3,5,1,521,1
106,47,14,8,5,3,134,1
106,41,25,3,1,0,302,0
106,58,29,0,3,0,227,0
106,52,19,3,5,2,576,0
106,46,20,9,2,0,50,1
106,32,10,5,1,1,527,0
106,21,17,4,1,1,165,1
106,16,1,3,2,1,405,0
106,43,20,5,4,1,551,1
106,20,10,1,0,0,422,0
106,59,12,0,0,4,311,0
106,8,17,1,4,2,240,1
107,21,8,7,2,0,427,0
107,59,8,2,1,1,498,0
107,1,17,6,1,4,531,1
107,37,24,5,5,0,121,1
107,55,14,3,3,1,230,0
107,36,4,4,4,3,222,1
107,58,4,0,5,1,252,0
107,2,23,8,4,1,563,1
107,51,25,9,4,1,237,1
107,5,6,2,2,0,108,0
107,20,22,7,4,2,497,1
107,6,1,9,4,4,527,1
108,42,6,4,0,1,27,1
108,37,10,5,2,3,26,1
108,51,20,9,2,4,459,1
108,28,23,6,5,0,149,1
108,43,19,8,1,0,59,1
108,58,9,9,3,3,397,1
108,1,1,9,3,0,107,0
108,12,7,5,3,2,478,1
108,55,4,4,0,0,318,1
108,23,2,8,4,2,132,1
108,21,9,2,4,4,75,1
108,10,27,1,4,1,245,0
109,34,15,7,0,1,235,1
109,28,4,8,1,3,183,1
109,2,28,8,1,0,126,1
109,16,4,1,5,1,76,1
109,19,16,2,1,2,185,1
109,37,14,2,5,2,338,0
109,43,5,1,0,4,528,1
109,3,25,0,3,1,542,0
109,26,3,1,0,2,333,0
109,20,14,1,1,2,69,0
109,1,12,5,1,3,540,1
109,4,20,4,5,0,107,0
110,56,27,6,4,3,165,1
110,54,20,8,4,4,373,1
110,24,7,0,1,3,175,1
110,42,26,2,2,2,596,1
110,50,28,7,2,1,367,1
110,23,24,1,3,1,87,1
110,57,1,3,1,0,484,0
110,14,12,2,5,3,202,1
110,34,22,5,2,2,141,1
110,8,10,2,4,0,401,0
110,47,17,2,0,4,296,0
110,60,2,2,0,2,193,1
111,47,16,8,3,4,288,1
111,25,11,6,0,4,333,0
111,46,10,9,2,3,491,1
111,35,9,4,4,0,507,1
111,23,14,9,1,3,502,1
111,17,19,9,1,2,90,0
111,19,19,6,1,4,571,1
111,1,24,7,4,1,472,1
111,18,28,0,5,1,491,1
111,34,6,0,4,4,344,1
111,14,11,4,3,0,564,0
111,54,8,1,5,0,167,0
112,29,18,0,2,1,176,1
112,20,1,6,4,0,235,0
112,33,24,9,5,4,305,1
112,55,12,6,4,4,13,0
112,53,3,0,2,2,26,0
112,22,20,2,0,1,492,0
112,49,24,5,1,1,439,1
112,3,1,0,0,4,420,1
112,19,27,0,1,3,477,0
112,57,23,1,3,3,383,0
112,26,2,1,2,4,546,0
112,50,15,8,1,4,574,1
113,6,25,4,2,0,177,0
113,25,4,2,2,4,230,0
113,49,24,6,4,4,515,1
113,11,12,5,4,0,47,1
113,27,13,4,3,0,20,1
113,35,8,5,2,3,565,1
113,44,23,7,4,1,121,1
113,22,6,8,1,3,87,1
113,58,29,0,5,2,34,0
113,5,2,0,2,2,121,0
113,13,18,8,3,4,571,1
113,24,29,9,2,1,265,1
114,46,19,0,4,4,426,0
114,24,19,4,0,4,51,1
114,3,11,0,3,0,99,0
114,12,12,0,1,3,408,1
114,44,27,4,4,1,229,0
114,29,22,1,3,1,242,0
114,40,10,5,0,4,372,0
114,39,10,2,4,1,144,0
114,47,15,7,5,0,390,1
114,51,21,5,2,3,510,0
114,58,4,4,1,1,354,0
114,33,12,5,1,2,204,1
115,8,5,0,0,1,38,0
115,44,22,8,5,2,525,1
115,37,20,0,4,0,310,0
115,32,7,5,4,4,135,1
115,22,24,1,5,1,69,1
115,16,20,6,4,2,507,0
115,4,9,6,0,4,139,1
115,51,24,1,0,3,509,1
115,25,20,2,1,3,39,1
115,34,24,7,2,1,598,1
115,15,17,0,4,3,521,1
115,52,18,6,3,2,277,1
116,35,13,5,5,3,492,1
116,30,18,5,1,4,434,1
116,26,16,2,2,4,483,1
116,39,24,2,0,2,67,1
116,32,4,9,0,2,280,0
116,44,10,2,0,3,193,0
116,31,19,0,1,0,331,0
116,50,11,8,1,4,78,1
116,27,12,3,5,2,210,0
116,34,15,8,5,4,449,1
116,36,23,3,3,2,561,0
116,25,10,6,3,2,481,0
117,2,14,6,0,2,555,1
117,56,9,5,5,2,296,1
117,7,2,5,0,2,521,1
117,10,27,7,5,4,400,1
117,59,12,5,3,0,209,1
117,16,26,2,5,1,290,1
117,5,3,9,0,4,385,0
117,1,15,7,3,3,261,1
117,8,24,8,2,1,429,1
117,21,19,6,2,2,16,1
117,40,19,0,1,0,133,0
117,30,29,6,0,0,253,1
118,20,8,6,2,3,540,1
118,38,26,9,4,4,125,1
118,22,2,3,2,0,185,1
118,12,24,5,1,2,507,1
118,27,23,8,0,2,527,0
118,53,6,0,3,1,599,0
118,54,23,2,0,3,97,0
118,33,18,1,3,4,344,0
118,28,15,5,2,2,257,1
118,40,5,1,3,3,132,1
118,29,9,0,3,1,56,0
118,6,3,4,5,4,105,1
119,59,12,8,3,4,478,1
119,48,19,8,4,1,238,0
119,23,10,6,0,0,503,0
119,47,10,9,4,4,70,1
119,18,12,7,4,1,432,1
119,35,19,8,1,2,552,1
119,17,11,8,3,1,444,1
119,27,10,5,4,2,483,1
119,44,7,2,5,0,74,0
119,10,23,4,3,1,142,1
119,6,14,1,4,1,594,0
119,54,29,1,2,4,142,1
120,29,2,3,1,3,332,1
120,13,20,4,5,4,261,0
120,28,22,8,4,4,383,1
120,60,3,5,2,2,253,1
120,12,17,0,2,4,458,0
120,51,13,4,5,0,438,1
120,11,7,5,1,2,493,1
120,10,6,7,2,3,10,0
120,31,9,9,1,1,53,1
120,57,16,6,5,0,161,0
120,20,10,9,0,1,219,0
120,41,7,8,0,0,473,1
