customer_id,age,gender,city,registration_date,total_purchases,total_spending,average_order_value,website_visits
1,56.0,Male,Tirupati,2023-01-01,20,44514.05,1159.72,238
2,46.0,Female,Pune,2023-01-08,29,24358.84,2809.97,75
3,32.0,Male,Kochi,2023-01-15,21,9840.39,1549.53,84
4,60.0,Male,Calicut,2023-01-22,23,18695.17,3115.87,112
5,25.0,Female,Vijayawada,2023-01-29,1,93494.09,4384.12,201
6,38.0,Male,Calicut,2023-02-05,3,64007.92,4461.62,261
7,56.0,Male,Mumbai,2023-02-12,18,51911.28,1565.08,235
8,36.0,Male,Chennai,2023-02-19,25,65882.58,4584.62,107
9,40.0,Male,Kochi,2023-02-26,10,43849.45,3163.5,295
10,28.0,Male,Mumbai,2023-03-05,22,73138.91,2075.98,258
11,28.0,Female,Tirupati,2023-03-12,26,5247.75,3686.82,175
12,41.0,Female,Vijayawada,2023-03-19,3,56820.7,2667.5,39
13,53.0,Female,Bangalore,2023-03-26,8,16285.32,2200.94,256
14,57.0,Male,Kochi,2023-04-02,14,12456.38,3672.88,115
15,41.0,Male,Kochi,2023-04-09,24,34517.03,1619.26,60
16,20.0,Male,Chennai,2023-04-16,18,9634.01,1986.14,90
17,39.0,Female,Delhi,2023-04-23,15,9868.62,2455.03,142
18,19.0,Male,Kochi,2023-04-30,22,31485.62,1641.57,294
19,41.0,Male,Hyderabad,2023-05-07,23,97961.3,2323.41,147
20,47.0,Female,Vijayawada,2023-05-14,2,17945.36,3071.63,193
21,55.0,Male,Vijayawada,2023-05-21,27,2207.53,3834.38,282
22,19.0,Female,Hyderabad,2023-05-28,10,76454.76,3952.38,78
23,38.0,Female,Pune,2023-06-04,2,80787.84,4202.56,43
24,50.0,Female,Hyderabad,2023-06-11,26,34957.28,3848.95,271
25,29.0,Male,Hyderabad,2023-06-18,17,46735.04,3564.68,62
26,39.0,Male,Vijayawada,2023-06-25,8,65152.48,1568.78,214
27,42.0,Male,Calicut,2023-07-02,1,5281.86,2301.0,135
28,44.0,Male,Vijayawada,2023-07-09,9,94940.0,2649.72,244
29,59.0,Male,Delhi,2023-07-16,11,88724.7,873.01,52
30,45.0,Male,Chennai,2023-07-23,22,26458.92,2877.67,249
31,33.0,Male,Mumbai,2023-07-30,16,2022.8,2463.51,120
32,32.0,Female,Calicut,2023-08-06,7,93376.91,4109.49,258
33,20.0,Male,Bangalore,2023-08-13,29,50353.47,4900.55,160
34,54.0,Female,Mumbai,2023-08-20,10,54168.06,3002.02,192
35,24.0,Male,Chennai,2023-08-27,23,68554.4,1952.09,104
36,38.0,Male,Delhi,2023-09-03,26,61777.19,695.3,17
37,26.0,Male,Delhi,2023-09-10,3,94417.21,4660.89,193
38,56.0,Female,Bangalore,2023-09-17,18,94453.03,4636.02,290
39,35.0,Female,Calicut,2023-09-24,25,86786.29,1638.46,204
40,21.0,Female,Pune,2023-10-01,24,63822.16,3629.35,204
41,42.0,Female,Hyderabad,2023-10-08,13,80194.45,839.46,164
42,31.0,Male,Calicut,2023-10-15,28,67878.25,1247.97,102
43,26.0,Female,Pune,2023-10-22,26,57550.02,1475.64,169
44,43.0,Male,Delhi,2023-10-29,7,13285.79,1825.22,70
45,19.0,Male,Vijayawada,2023-11-05,25,81214.82,4981.24,131
46,37.0,Female,Chennai,2023-11-12,4,82153.63,3636.16,60
47,45.0,Female,Bangalore,2023-11-19,13,62781.0,2228.91,286
48,24.0,Female,Chennai,2023-11-26,20,82132.47,3816.95,14
49,25.0,Female,Tirupati,2023-12-03,1,65322.73,4618.64,101
50,52.0,Female,Tirupati,2023-12-10,8,21065.09,4814.16,179
51,31.0,Female,Calicut,2023-12-17,14,27759.13,760.39,31
52,34.0,Female,Delhi,2023-12-24,16,21851.62,2275.35,10
53,53.0,Female,Delhi,2023-12-31,14,38037.28,980.4,142
54,57.0,Male,Hyderabad,2024-01-07,12,4376.83,2010.47,242
55,21.0,Female,Hyderabad,2024-01-14,19,62016.26,1263.56,21
56,19.0,Female,Hyderabad,2024-01-21,23,33987.14,3410.82,55
57,23.0,Male,Vijayawada,2024-01-28,15,65744.4,2247.21,43
58,59.0,Female,Mumbai,2024-02-04,28,38846.96,1532.28,87
59,21.0,Male,Kochi,2024-02-11,2,68320.56,1696.72,227
60,46.0,Male,Mumbai,2024-02-18,2,34392.14,2121.55,82
61,35.0,Female,Chennai,2024-02-25,23,26439.11,1669.77,291
62,43.0,Male,Mumbai,2024-03-03,22,49855.73,2539.58,258
63,51.0,Male,Vijayawada,2024-03-10,19,69442.59,645.42,56
64,27.0,Male,Chennai,2024-03-17,25,35159.49,1758.94,130
65,53.0,Male,Mumbai,2024-03-24,26,93696.49,2350.43,223
66,31.0,Female,Vijayawada,2024-03-31,29,4399.04,3212.52,248
67,48.0,Male,Kochi,2024-04-07,22,42085.63,1719.31,65
68,32.0,Female,Mumbai,2024-04-14,26,96774.26,1099.33,116
69,25.0,Male,Vijayawada,2024-04-21,26,55023.2,842.9,57
70,31.0,Male,Hyderabad,2024-04-28,22,42635.36,4732.39,70
71,40.0,Male,Delhi,2024-05-05,17,57067.77,2374.88,35
72,57.0,Male,Hyderabad,2024-05-12,20,57804.5,3115.23,266
73,38.0,Female,Delhi,2024-05-19,10,73298.95,4636.29,17
74,33.0,Female,Bangalore,2024-05-26,6,13205.13,872.37,122
75,35.0,Male,Bangalore,2024-06-02,15,25376.64,4444.98,262
76,41.0,Male,Bangalore,2024-06-09,22,58264.13,2982.15,189
77,43.0,Female,Kochi,2024-06-16,11,86778.1,1241.75,216
78,42.0,Male,Hyderabad,2024-06-23,28,56405.74,2350.65,136
79,58.0,Male,Delhi,2024-06-30,5,24240.39,3999.21,65
80,46.0,Male,Vijayawada,2024-07-07,1,68144.56,2661.67,223
81,32.0,Female,Chennai,2024-07-14,8,74120.92,4933.79,23
82,18.0,Female,Vijayawada,2024-07-21,21,24204.5,2195.33,37
83,42.0,Female,Chennai,2024-07-28,28,38084.02,3873.1,87
84,24.0,Male,Tirupati,2024-08-04,12,53665.58,2268.45,225
85,26.0,Male,Vijayawada,2024-08-11,12,49907.84,4231.24,163
86,41.0,Female,Mumbai,2024-08-18,5,39267.0,3060.87,23
87,18.0,Female,Mumbai,2024-08-25,7,30114.7,785.8,196
88,25.0,Female,Calicut,2024-09-01,4,10448.5,665.7,16
89,41.0,Female,Hyderabad,2024-09-08,6,5821.79,1102.33,12
90,28.0,Male,Chennai,2024-09-15,13,95874.88,561.52,120
91,34.0,Female,Chennai,2024-09-22,20,84790.74,839.12,247
92,25.0,Male,Hyderabad,2024-09-29,15,35813.07,3612.71,248
93,52.0,Female,Kochi,2024-10-06,3,95701.69,2904.56,283
94,52.0,Male,Calicut,2024-10-13,23,67838.61,3874.6,236
95,50.0,Female,Kochi,2024-10-20,8,48510.83,4609.25,24
96,22.0,Female,Kochi,2024-10-27,20,49556.05,3133.17,201
97,59.0,Female,Kochi,2024-11-03,16,8786.8,3767.54,128
98,56.0,Female,Hyderabad,2024-11-10,13,9624.56,3906.87,37
99,58.0,Male,Kochi,2024-11-17,18,60442.87,2200.33,211
100,45.0,Female,Mumbai,2024-11-24,28,55593.45,1584.88,48
101,24.0,Male,Bangalore,2024-12-01,10,21666.43,1422.7,282
102,26.0,Male,Tirupati,2024-12-08,19,94646.36,1631.49,240
103,25.0,Male,Chennai,2024-12-15,17,78238.96,1736.29,95
104,29.0,Male,Chennai,2024-12-22,24,11789.73,1432.52,135
105,51.0,Female,Tirupati,2024-12-29,19,93127.45,4451.99,34
106,50.0,Male,Hyderabad,2025-01-05,28,97437.7,3906.5,154
107,40.0,Male,Vijayawada,2025-01-12,26,99595.16,711.03,22
108,41.0,Male,Hyderabad,2025-01-19,23,6059.18,1709.03,221
109,54.0,Female,Chennai,2025-01-26,26,73835.04,599.83,34
110,52.0,Female,Chennai,2025-02-02,5,54818.62,2741.74,77
111,57.0,Female,Tirupati,2025-02-09,26,70730.23,2642.95,76
112,39.0,Female,Kochi,2025-02-16,21,96880.87,4241.17,242
113,44.0,Male,Hyderabad,2025-02-23,23,68958.99,1885.0,118
114,52.0,Male,Delhi,2025-03-02,9,83777.91,4173.74,155
115,18.0,Female,Tirupati,2025-03-09,12,86753.44,4855.88,120
116,52.0,Male,Mumbai,2025-03-16,21,83928.84,897.84,237
117,54.0,Male,Chennai,2025-03-23,1,42896.1,4063.18,120
118,31.0,Male,Tirupati,2025-03-30,26,22646.35,3154.8,43
119,20.0,Female,Hyderabad,2025-04-06,26,39966.83,2660.21,120
120,18.0,Female,Chennai,2025-04-13,1,89243.74,2392.41,273
