customer_id,age,gender,city,registration_date,total_purchases,total_spending,average_order_value,website_visits,name,email
1,56,Male,Tirupati,2023-01-01,20,44514.05,1159.72,238,Customer 1,customer1@smartcart.com
2,46,Female,Pune,2023-01-08,29,24358.84,2809.97,75,Customer 2,customer2@smartcart.com
3,32,Male,Kochi,2023-01-15,21,9840.39,1549.53,84,Customer 3,customer3@smartcart.com
4,60,Male,Calicut,2023-01-22,23,18695.17,3115.87,112,Customer 4,customer4@smartcart.com
5,25,Female,Vijayawada,2023-01-29,1,93494.09,4384.12,201,Customer 5,customer5@smartcart.com
6,38,Male,Calicut,2023-02-05,3,64007.92,4461.62,261,Customer 6,customer6@smartcart.com
7,56,Male,Mumbai,2023-02-12,18,51911.28,1565.08,235,Customer 7,customer7@smartcart.com
8,36,Male,Chennai,2023-02-19,25,65882.58,4584.62,107,Customer 8,customer8@smartcart.com
9,40,Male,Kochi,2023-02-26,10,43849.45,3163.5,295,Customer 9,customer9@smartcart.com
10,28,Male,Mumbai,2023-03-05,22,73138.91,2075.98,258,Customer 10,customer10@smartcart.com
11,28,Female,Tirupati,2023-03-12,26,5247.75,3686.82,175,Customer 11,customer11@smartcart.com
12,41,Female,Vijayawada,2023-03-19,3,56820.7,2667.5,39,Customer 12,customer12@smartcart.com
13,53,Female,Bangalore,2023-03-26,8,16285.32,2200.94,256,Customer 13,customer13@smartcart.com
14,57,Male,Kochi,2023-04-02,14,12456.38,3672.88,115,Customer 14,customer14@smartcart.com
15,41,Male,Kochi,2023-04-09,24,34517.03,1619.26,60,Customer 15,customer15@smartcart.com
16,20,Male,Chennai,2023-04-16,18,9634.01,1986.14,90,Customer 16,customer16@smartcart.com
17,39,Female,Delhi,2023-04-23,15,9868.62,2455.03,142,Customer 17,customer17@smartcart.com
18,19,Male,Kochi,2023-04-30,22,31485.62,1641.57,294,Customer 18,customer18@smartcart.com
19,41,Male,Hyderabad,2023-05-07,23,97961.3,2323.41,147,Customer 19,customer19@smartcart.com
20,47,Female,Vijayawada,2023-05-14,2,17945.36,3071.63,193,Customer 20,customer20@smartcart.com
21,55,Male,Vijayawada,2023-05-21,27,2207.53,3834.38,282,Customer 21,customer21@smartcart.com
22,19,Female,Hyderabad,2023-05-28,10,76454.76,3952.38,78,Customer 22,customer22@smartcart.com
23,38,Female,Pune,2023-06-04,2,80787.84,4202.56,43,Customer 23,customer23@smartcart.com
24,50,Female,Hyderabad,2023-06-11,26,34957.28,3848.95,271,Customer 24,customer24@smartcart.com
25,29,Male,Hyderabad,2023-06-18,17,46735.04,3564.68,62,Customer 25,customer25@smartcart.com
26,39,Male,Vijayawada,2023-06-25,8,65152.48,1568.78,214,Customer 26,customer26@smartcart.com
27,42,Male,Calicut,2023-07-02,1,5281.86,2301.0,135,Customer 27,customer27@smartcart.com
28,44,Male,Vijayawada,2023-07-09,9,94940.0,2649.72,244,Customer 28,customer28@smartcart.com
29,59,Male,Delhi,2023-07-16,11,88724.7,873.01,52,Customer 29,customer29@smartcart.com
30,45,Male,Chennai,2023-07-23,22,26458.92,2877.67,249,Customer 30,customer30@smartcart.com
31,33,Male,Mumbai,2023-07-30,16,2022.8,2463.51,120,Customer 31,customer31@smartcart.com
32,32,Female,Calicut,2023-08-06,7,93376.91,4109.49,258,Customer 32,customer32@smartcart.com
33,20,Male,Bangalore,2023-08-13,29,50353.47,4900.55,160,Customer 33,customer33@smartcart.com
34,54,Female,Mumbai,2023-08-20,10,54168.06,3002.02,192,Customer 34,customer34@smartcart.com
35,24,Male,Chennai,2023-08-27,23,68554.4,1952.09,104,Customer 35,customer35@smartcart.com
36,38,Male,Delhi,2023-09-03,26,61777.19,695.3,17,Customer 36,customer36@smartcart.com
37,26,Male,Delhi,2023-09-10,3,94417.21,4660.89,193,Customer 37,customer37@smartcart.com
38,56,Female,Bangalore,2023-09-17,18,94453.03,4636.02,290,Customer 38,customer38@smartcart.com
39,35,Female,Calicut,2023-09-24,25,86786.29,1638.46,204,Customer 39,customer39@smartcart.com
40,21,Female,Pune,2023-10-01,24,63822.16,3629.35,204,Customer 40,customer40@smartcart.com
41,42,Female,Hyderabad,2023-10-08,13,80194.45,839.46,164,Customer 41,customer41@smartcart.com
42,31,Male,Calicut,2023-10-15,28,67878.25,1247.97,102,Customer 42,customer42@smartcart.com
43,26,Female,Pune,2023-10-22,26,57550.02,1475.64,169,Customer 43,customer43@smartcart.com
44,43,Male,Delhi,2023-10-29,7,13285.79,1825.22,70,Customer 44,customer44@smartcart.com
45,19,Male,Vijayawada,2023-11-05,25,81214.82,4981.24,131,Customer 45,customer45@smartcart.com
46,37,Female,Chennai,2023-11-12,4,82153.63,3636.16,60,Customer 46,customer46@smartcart.com
47,45,Female,Bangalore,2023-11-19,13,62781.0,2228.91,286,Customer 47,customer47@smartcart.com
48,24,Female,Chennai,2023-11-26,20,82132.47,3816.95,14,Customer 48,customer48@smartcart.com
49,25,Female,Tirupati,2023-12-03,1,65322.73,4618.64,101,Customer 49,customer49@smartcart.com
50,52,Female,Tirupati,2023-12-10,8,21065.09,4814.16,179,Customer 50,customer50@smartcart.com
51,31,Female,Calicut,2023-12-17,14,27759.13,760.39,31,Customer 51,customer51@smartcart.com
52,34,Female,Delhi,2023-12-24,16,21851.62,2275.35,10,Customer 52,customer52@smartcart.com
53,53,Female,Delhi,2023-12-31,14,38037.28,980.4,142,Customer 53,customer53@smartcart.com
54,57,Male,Hyderabad,2024-01-07,12,4376.83,2010.47,242,Customer 54,customer54@smartcart.com
55,21,Female,Hyderabad,2024-01-14,19,62016.26,1263.56,21,Customer 55,customer55@smartcart.com
56,19,Female,Hyderabad,2024-01-21,23,33987.14,3410.82,55,Customer 56,customer56@smartcart.com
57,23,Male,Vijayawada,2024-01-28,15,65744.4,2247.21,43,Customer 57,customer57@smartcart.com
58,59,Female,Mumbai,2024-02-04,28,38846.96,1532.28,87,Customer 58,customer58@smartcart.com
59,21,Male,Kochi,2024-02-11,2,68320.56,1696.72,227,Customer 59,customer59@smartcart.com
60,46,Male,Mumbai,2024-02-18,2,34392.14,2121.55,82,Customer 60,customer60@smartcart.com
61,35,Female,Chennai,2024-02-25,23,26439.11,1669.77,291,Customer 61,customer61@smartcart.com
62,43,Male,Mumbai,2024-03-03,22,49855.73,2539.58,258,Customer 62,customer62@smartcart.com
63,51,Male,Vijayawada,2024-03-10,19,69442.59,645.42,56,Customer 63,customer63@smartcart.com
64,27,Male,Chennai,2024-03-17,25,35159.49,1758.94,130,Customer 64,customer64@smartcart.com
65,53,Male,Mumbai,2024-03-24,26,93696.49,2350.43,223,Customer 65,customer65@smartcart.com
66,31,Female,Vijayawada,2024-03-31,29,4399.04,3212.52,248,Customer 66,customer66@smartcart.com
67,48,Male,Kochi,2024-04-07,22,42085.63,1719.31,65,Customer 67,customer67@smartcart.com
68,32,Female,Mumbai,2024-04-14,26,96774.26,1099.33,116,Customer 68,customer68@smartcart.com
69,25,Male,Vijayawada,2024-04-21,26,55023.2,842.9,57,Customer 69,customer69@smartcart.com
70,31,Male,Hyderabad,2024-04-28,22,42635.36,4732.39,70,Customer 70,customer70@smartcart.com
71,40,Male,Delhi,2024-05-05,17,57067.77,2374.88,35,Customer 71,customer71@smartcart.com
72,57,Male,Hyderabad,2024-05-12,20,57804.5,3115.23,266,Customer 72,customer72@smartcart.com
73,38,Female,Delhi,2024-05-19,10,73298.95,4636.29,17,Customer 73,customer73@smartcart.com
74,33,Female,Bangalore,2024-05-26,6,13205.13,872.37,122,Customer 74,customer74@smartcart.com
75,35,Male,Bangalore,2024-06-02,15,25376.64,4444.98,262,Customer 75,customer75@smartcart.com
76,41,Male,Bangalore,2024-06-09,22,58264.13,2982.15,189,Customer 76,customer76@smartcart.com
77,43,Female,Kochi,2024-06-16,11,86778.1,1241.75,216,Customer 77,customer77@smartcart.com
78,42,Male,Hyderabad,2024-06-23,28,56405.74,2350.65,136,Customer 78,customer78@smartcart.com
79,58,Male,Delhi,2024-06-30,5,24240.39,3999.21,65,Customer 79,customer79@smartcart.com
80,46,Male,Vijayawada,2024-07-07,1,68144.56,2661.67,223,Customer 80,customer80@smartcart.com
81,32,Female,Chennai,2024-07-14,8,74120.92,4933.79,23,Customer 81,customer81@smartcart.com
82,18,Female,Vijayawada,2024-07-21,21,24204.5,2195.33,37,Customer 82,customer82@smartcart.com
83,42,Female,Chennai,2024-07-28,28,38084.02,3873.1,87,Customer 83,customer83@smartcart.com
84,24,Male,Tirupati,2024-08-04,12,53665.58,2268.45,225,Customer 84,customer84@smartcart.com
85,26,Male,Vijayawada,2024-08-11,12,49907.84,4231.24,163,Customer 85,customer85@smartcart.com
86,41,Female,Mumbai,2024-08-18,5,39267.0,3060.87,23,Customer 86,customer86@smartcart.com
87,18,Female,Mumbai,2024-08-25,7,30114.7,785.8,196,Customer 87,customer87@smartcart.com
88,25,Female,Calicut,2024-09-01,4,10448.5,665.7,16,Customer 88,customer88@smartcart.com
89,41,Female,Hyderabad,2024-09-08,6,5821.79,1102.33,12,Customer 89,customer89@smartcart.com
90,28,Male,Chennai,2024-09-15,13,95874.88,561.52,120,Customer 90,customer90@smartcart.com
91,34,Female,Chennai,2024-09-22,20,84790.74,839.12,247,Customer 91,customer91@smartcart.com
92,25,Male,Hyderabad,2024-09-29,15,35813.07,3612.71,248,Customer 92,customer92@smartcart.com
93,52,Female,Kochi,2024-10-06,3,95701.69,2904.56,283,Customer 93,customer93@smartcart.com
94,52,Male,Calicut,2024-10-13,23,67838.61,3874.6,236,Customer 94,customer94@smartcart.com
95,50,Female,Kochi,2024-10-20,8,48510.83,4609.25,24,Customer 95,customer95@smartcart.com
96,22,Female,Kochi,2024-10-27,20,49556.05,3133.17,201,Customer 96,customer96@smartcart.com
97,59,Female,Kochi,2024-11-03,16,8786.8,3767.54,128,Customer 97,customer97@smartcart.com
98,56,Female,Hyderabad,2024-11-10,13,9624.56,3906.87,37,Customer 98,customer98@smartcart.com
99,58,Male,Kochi,2024-11-17,18,60442.87,2200.33,211,Customer 99,customer99@smartcart.com
100,45,Female,Mumbai,2024-11-24,28,55593.45,1584.88,48,Customer 100,customer100@smartcart.com
101,24,Male,Bangalore,2024-12-01,10,21666.43,1422.7,282,Customer 101,customer101@smartcart.com
102,26,Male,Tirupati,2024-12-08,19,94646.36,1631.49,240,Customer 102,customer102@smartcart.com
103,25,Male,Chennai,2024-12-15,17,78238.96,1736.29,95,Customer 103,customer103@smartcart.com
104,29,Male,Chennai,2024-12-22,24,11789.73,1432.52,135,Customer 104,customer104@smartcart.com
105,51,Female,Tirupati,2024-12-29,19,93127.45,4451.99,34,Customer 105,customer105@smartcart.com
106,50,Male,Hyderabad,2025-01-05,28,97437.7,3906.5,154,Customer 106,customer106@smartcart.com
107,40,Male,Vijayawada,2025-01-12,26,99595.16,711.03,22,Customer 107,customer107@smartcart.com
108,41,Male,Hyderabad,2025-01-19,23,6059.18,1709.03,221,Customer 108,customer108@smartcart.com
109,54,Female,Chennai,2025-01-26,26,73835.04,599.83,34,Customer 109,customer109@smartcart.com
110,52,Female,Chennai,2025-02-02,5,54818.62,2741.74,77,Customer 110,customer110@smartcart.com
111,57,Female,Tirupati,2025-02-09,26,70730.23,2642.95,76,Customer 111,customer111@smartcart.com
112,39,Female,Kochi,2025-02-16,21,96880.87,4241.17,242,Customer 112,customer112@smartcart.com
113,44,Male,Hyderabad,2025-02-23,23,68958.99,1885.0,118,Customer 113,customer113@smartcart.com
114,52,Male,Delhi,2025-03-02,9,83777.91,4173.74,155,Customer 114,customer114@smartcart.com
115,18,Female,Tirupati,2025-03-09,12,86753.44,4855.88,120,Customer 115,customer115@smartcart.com
116,52,Male,Mumbai,2025-03-16,21,83928.84,897.84,237,Customer 116,customer116@smartcart.com
117,54,Male,Chennai,2025-03-23,1,42896.1,4063.18,120,Customer 117,customer117@smartcart.com
118,31,Male,Tirupati,2025-03-30,26,22646.35,3154.8,43,Customer 118,customer118@smartcart.com
119,20,Female,Hyderabad,2025-04-06,26,39966.83,2660.21,120,Customer 119,customer119@smartcart.com
120,18,Female,Chennai,2025-04-13,1,89243.74,2392.41,273,Customer 120,customer120@smartcart.com
