customer_id,total_purchases,total_spending,average_order_value,product_views,cart_additions,wishlist_additions,time_spent,purchase_frequency,cluster
1,3,173730.87,57910.29,229,55,36,4151,3,1
2,5,411953.41000000003,82390.682,185,34,30,3991,5,1
3,8,533534.54,66691.8175,171,55,36,2781,8,0
4,4,184031.88,46007.97,170,72,28,4009,4,1
5,7,469198.75,67028.39285714286,247,59,30,4344,7,1
6,5,147209.43,29441.886,194,47,38,4264,5,1
7,6,274612.94,45768.823333333334,150,62,27,4036,6,1
8,3,110432.25,36810.75,251,41,29,3159,3,1
9,6,675615.04,112602.50666666667,208,41,20,3844,6,0
10,5,403571.04,80714.208,197,64,30,3516,5,1
11,7,647629.28,92518.46857142857,199,43,36,3113,7,0
12,9,336222.26,37358.02888888889,160,50,41,3829,9,0
13,7,432666.20999999996,61809.458571428564,161,60,25,3759,7,0
14,7,480661.06,68665.86571428571,209,68,28,4124,7,1
15,6,235795.42,39299.23666666667,203,55,30,3549,6,1
16,4,198238.05,49559.5125,139,64,26,3279,4,1
17,11,971493.78,88317.61636363636,136,57,29,3811,11,0
18,6,404003.9,67333.98333333334,192,41,23,4058,6,1
19,5,330960.75,66192.15,193,46,25,4519,5,1
20,7,506192.31,72313.18714285715,211,63,21,3739,7,1
21,3,309279.57,103093.19,165,50,27,4930,3,1
22,6,371478.47,61913.07833333333,188,56,25,3249,6,1
23,3,183147.24,61049.079999999994,171,59,46,4117,3,1
24,5,201095.05,40219.009999999995,195,37,35,3216,5,1
25,11,619341.21,56303.74636363636,190,55,30,2769,11,0
26,8,394872.36,49359.045,165,47,30,3410,8,0
27,6,506028.42,84338.06999999999,214,70,36,3510,6,1
28,2,207493.36000000002,103746.68000000001,231,69,36,4820,2,1
29,10,623694.59,62369.458999999995,156,41,36,3148,10,0
30,6,485975.17,80995.86166666666,185,49,28,4976,6,1
31,4,147568.03,36892.0075,160,50,32,3488,4,1
32,7,422015.19,60287.88428571429,208,50,29,3778,7,1
33,5,323323.34,64664.668000000005,193,49,32,3049,5,1
34,4,239530.71999999997,59882.67999999999,206,62,35,4310,4,1
35,5,185651.68,37130.335999999996,173,46,24,2996,5,1
36,5,251428.03,50285.606,183,68,31,2931,5,1
37,9,509819.17,56646.57444444444,125,54,34,4057,9,0
38,5,260055.12,52011.024,182,59,18,3471,5,1
39,9,744690.3200000001,82743.3688888889,117,50,21,3039,9,0
40,10,536076.74,53607.674,107,46,38,3391,10,0
41,3,110228.56999999999,36742.85666666667,177,59,22,3570,3,1
42,7,306003.62,43714.80285714286,161,58,29,4640,7,1
43,3,226361.56,75453.85333333333,254,48,20,3468,3,1
44,4,395277.26,98819.315,222,54,25,3290,4,1
45,6,284699.34,47449.89000000001,154,40,17,4100,6,1
46,8,537884.0,67235.5,144,54,38,4220,8,0
47,7,533470.57,76210.08142857142,145,50,30,3595,7,0
48,6,260296.56,43382.76,141,43,28,3802,6,1
49,4,176075.19999999998,44018.799999999996,151,44,34,3726,4,1
50,3,200793.32,66931.10666666667,171,64,28,4153,3,1
51,4,194007.09,48501.7725,207,53,20,3395,4,1
52,2,209673.90000000002,104836.95000000001,177,59,36,3751,2,1
53,8,345525.42000000004,43190.677500000005,178,46,29,2982,8,0
54,6,274711.17,45785.195,196,54,23,3270,6,1
55,5,269613.92000000004,53922.78400000001,225,69,29,3797,5,1
56,6,344025.06,57337.51,181,52,29,3790,6,1
57,5,636994.6699999999,127398.93399999998,189,52,34,3837,5,0
58,5,334479.79000000004,66895.95800000001,159,51,33,3277,5,1
59,13,891289.1,68560.7,189,62,40,3237,13,0
60,8,404890.2,50611.275,205,50,40,4933,8,1
61,5,314293.09,62858.618,179,58,43,3712,5,1
62,9,686161.81,76240.20111111112,185,65,22,4690,9,0
63,4,206456.05,51614.0125,223,42,39,3668,4,1
64,6,382932.86,63822.14333333333,239,66,28,3719,6,1
65,4,287925.73,71981.4325,195,54,30,4146,4,1
66,4,310984.47,77746.1175,171,52,18,3387,4,1
67,7,522831.55,74690.22142857143,160,63,23,3738,7,0
68,6,340513.55,56752.25833333333,204,33,28,4376,6,1
69,4,328444.58,82111.145,195,51,18,4200,4,1
70,5,327793.23,65558.646,164,52,30,3972,5,1
71,5,255050.38999999998,51010.077999999994,184,43,34,4593,5,1
72,6,662327.6799999999,110387.94666666666,191,50,31,2423,6,0
73,6,465286.07999999996,77547.68,194,50,37,2914,6,0
74,5,244311.78,48862.356,200,53,25,3401,5,1
75,4,230554.97999999998,57638.744999999995,206,65,34,3476,4,1
76,4,459891.5,114972.875,183,55,43,3545,4,1
77,5,308802.33999999997,61760.46799999999,210,52,30,3548,5,1
78,3,143525.61000000002,47841.87,201,62,30,3193,3,1
79,7,278121.87,39731.69571428571,123,49,31,4008,7,1
80,5,256975.71,51395.142,134,69,38,3369,5,1
81,8,717901.1,89737.6375,152,62,28,4106,8,0
82,8,541559.22,67694.9025,200,47,29,3130,8,0
83,3,259933.27,86644.42333333332,179,69,30,3271,3,1
84,3,117957.40999999999,39319.136666666665,213,47,29,3405,3,1
85,6,647344.63,107890.77166666667,181,37,32,3517,6,0
86,4,143813.37,35953.3425,207,51,28,3945,4,1
87,10,581383.9500000001,58138.395000000004,196,51,29,2567,10,0
88,9,499740.81999999995,55526.75777777777,206,49,28,3891,9,0
89,5,262993.89,52598.778000000006,185,49,39,3222,5,1
90,4,435469.28,108867.32,164,65,40,3640,4,1
91,3,200714.59,66904.86333333333,202,39,26,3355,3,1
92,5,304221.64,60844.328,188,58,40,3917,5,1
93,10,402086.06,40208.606,217,71,39,2985,10,0
94,5,372712.96,74542.592,150,55,37,3956,5,1
95,4,351483.5,87870.875,188,45,28,3709,4,1
96,7,354106.51,50586.64428571429,196,56,28,3752,7,1
97,2,167669.06999999998,83834.53499999999,175,40,27,2464,2,1
98,17,899120.75,52889.455882352944,162,37,36,2430,17,0
99,11,602326.4,54756.94545454546,187,50,33,3440,11,0
100,4,388200.41000000003,97050.10250000001,196,48,40,2682,4,1
101,7,491497.75,70213.96428571429,180,60,30,4055,7,0
102,3,311174.24,103724.74666666666,170,51,29,4498,3,1
103,3,123095.23999999999,41031.746666666666,209,56,24,4297,3,1
104,3,182497.4,60832.46666666667,188,45,25,3060,3,1
105,5,349883.43000000005,69976.68600000002,169,46,40,3813,5,1
106,4,204919.75,51229.9375,194,42,28,3910,4,1
107,9,649944.34,72216.03777777778,156,62,39,4213,9,0
108,9,400242.48,44471.386666666665,137,70,31,2472,9,0
109,9,642804.1699999999,71422.68555555555,160,40,23,3262,9,0
110,4,162523.47999999998,40630.869999999995,196,40,28,3480,4,1
111,7,433486.5,61926.642857142855,175,63,33,4820,7,1
112,2,178162.12999999998,89081.06499999999,170,38,25,4086,2,1
113,8,492241.29,61530.16125,193,58,34,2753,8,0
114,6,461576.6,76929.43333333333,182,37,28,3429,6,1
115,6,502949.7,83824.95,210,42,32,3667,6,1
116,7,385181.26999999996,55025.89571428571,175,53,26,4059,7,1
117,5,321988.1,64397.619999999995,199,66,26,3748,5,1
118,4,149580.78999999998,37395.197499999995,162,44,28,3474,4,1
119,3,238617.91999999998,79539.30666666666,176,67,37,4152,3,1
120,7,417180.05000000005,59597.15000000001,132,68,28,3534,7,0
