customer_id,product_id,customer_age,total_purchases,total_spending,average_order_value,website_visits,product_price,product_rating,product_views,cart_additions,wishlist_additions,previous_purchases,time_spent,purchased
1,49,56.0,20,44514.05,1159.72,238,23187.72,4.3,22,7,2,0,327,1
1,17,56.0,20,44514.05,1159.72,238,12806.57,3.4,9,2,5,4,459,1
1,28,56.0,20,44514.05,1159.72,238,36570.29,4.1,7,3,0,4,93,1
1,32,56.0,20,44514.05,1159.72,238,37081.92,3.4,15,6,5,2,137,1
1,26,56.0,20,44514.05,1159.72,238,48254.84,4.3,24,3,4,1,370,0
1,39,56.0,20,44514.05,1159.72,238,8296.86,2.9,26,9,0,1,527,1
1,9,56.0,20,44514.05,1159.72,238,26676.21,2.9,28,8,4,1,483,1
1,42,56.0,20,44514.05,1159.72,238,26200.96,4.0,17,0,3,2,396,1
1,41,56.0,20,44514.05,1159.72,238,33293.34,3.8,25,2,1,3,595,0
1,11,56.0,20,44514.05,1159.72,238,16896.55,3.1,26,6,2,4,504,0
1,44,56.0,20,44514.05,1159.72,238,43872.31,4.7,27,8,5,3,117,1
1,15,56.0,20,44514.05,1159.72,238,16185.46,4.4,3,1,5,4,143,0
2,24,46.0,29,24358.84,2809.97,75,46483.5,2.9,26,2,3,0,52,0
2,23,46.0,29,24358.84,2809.97,75,17508.53,4.5,10,1,3,4,48,1
2,40,46.0,29,24358.84,2809.97,75,40747.28,4.0,23,3,0,0,375,0
2,12,46.0,29,24358.84,2809.97,75,6807.29,4.4,16,1,2,4,323,0
2,18,46.0,29,24358.84,2809.97,75,34106.99,4.6,16,1,5,1,347,0
2,8,46.0,29,24358.84,2809.97,75,24108.89,4.5,19,3,2,4,513,1
2,58,46.0,29,24358.84,2809.97,75,31249.48,2.8,10,5,0,2,503,1
2,44,46.0,29,24358.84,2809.97,75,43872.31,4.7,9,5,2,0,304,0
2,37,46.0,29,24358.84,2809.97,75,10161.2,3.7,28,0,5,4,577,0
2,5,46.0,29,24358.84,2809.97,75,14502.66,4.1,2,9,2,2,197,0
2,47,46.0,29,24358.84,2809.97,75,22012.83,4.2,8,3,1,3,558,0
2,3,46.0,29,24358.84,2809.97,75,5830.36,2.8,18,1,5,2,194,1
3,36,32.0,21,9840.39,1549.53,84,39783.84,3.5,22,4,1,0,85,0
3,11,32.0,21,9840.39,1549.53,84,16896.55,3.1,3,8,5,0,294,1
3,2,32.0,21,9840.39,1549.53,84,12196.25,3.3,23,3,4,0,256,1
3,8,32.0,21,9840.39,1549.53,84,24108.89,4.5,2,4,5,3,27,1
3,60,32.0,21,9840.39,1549.53,84,46997.62,4.6,22,0,5,0,244,1
3,18,32.0,21,9840.39,1549.53,84,34106.99,4.6,19,9,1,3,124,1
3,46,32.0,21,9840.39,1549.53,84,40848.31,3.9,9,9,3,2,215,1
3,6,32.0,21,9840.39,1549.53,84,29103.79,3.8,15,5,2,3,593,0
3,9,32.0,21,9840.39,1549.53,84,26676.21,2.9,9,0,5,0,28,0
3,25,32.0,21,9840.39,1549.53,84,41547.91,3.1,8,9,0,4,363,1
3,30,32.0,21,9840.39,1549.53,84,9143.53,3.9,22,0,1,4,248,1
3,16,32.0,21,9840.39,1549.53,84,40512.73,4.7,17,4,4,4,304,1
4,33,60.0,23,18695.17,3115.87,112,28766.21,3.0,4,3,0,0,91,0
4,20,60.0,23,18695.17,3115.87,112,29822.37,4.6,13,5,3,4,332,1
4,36,60.0,23,18695.17,3115.87,112,39783.84,3.5,22,7,2,3,516,1
4,10,60.0,23,18695.17,3115.87,112,2685.99,3.3,11,9,2,2,423,1
4,4,60.0,23,18695.17,3115.87,112,30569.94,4.5,17,8,3,3,491,1
4,41,60.0,23,18695.17,3115.87,112,33293.34,3.8,15,8,3,0,259,1
4,6,60.0,23,18695.17,3115.87,112,29103.79,3.8,16,6,1,3,364,1
4,30,60.0,23,18695.17,3115.87,112,9143.53,3.9,12,6,3,0,229,1
4,48,60.0,23,18695.17,3115.87,112,18909.53,4.8,26,0,2,4,585,0
4,18,60.0,23,18695.17,3115.87,112,34106.99,4.6,10,4,4,1,454,0
4,38,60.0,23,18695.17,3115.87,112,8266.43,4.9,22,7,2,0,49,1
4,8,60.0,23,18695.17,3115.87,112,24108.89,4.5,2,9,3,2,216,1
5,56,25.0,1,93494.09,4384.12,201,27223.29,4.8,8,0,5,4,559,0
5,37,25.0,1,93494.09,4384.12,201,10161.2,3.7,20,9,2,4,360,1
5,31,25.0,1,93494.09,4384.12,201,3418.16,3.1,29,0,2,3,468,1
5,14,25.0,1,93494.09,4384.12,201,49499.02,3.9,19,5,2,3,313,1
5,34,25.0,1,93494.09,4384.12,201,42107.26,4.8,22,5,5,1,442,1
5,16,25.0,1,93494.09,4384.12,201,40512.73,4.7,23,9,2,2,217,1
5,17,25.0,1,93494.09,4384.12,201,12806.57,3.4,29,9,2,0,77,0
5,11,25.0,1,93494.09,4384.12,201,16896.55,3.1,19,1,1,4,285,0
5,39,25.0,1,93494.09,4384.12,201,8296.86,2.9,23,7,2,1,549,1
5,9,25.0,1,93494.09,4384.12,201,26676.21,2.9,27,4,2,4,571,1
5,53,25.0,1,93494.09,4384.12,201,11687.41,3.6,17,9,3,0,23,1
5,59,25.0,1,93494.09,4384.12,201,5933.21,5.0,11,1,2,1,480,1
6,21,38.0,3,64007.92,4461.62,261,23631.65,2.8,15,7,2,4,224,1
6,39,38.0,3,64007.92,4461.62,261,8296.86,2.9,9,2,2,3,243,0
6,9,38.0,3,64007.92,4461.62,261,26676.21,2.9,23,8,4,3,389,1
6,45,38.0,3,64007.92,4461.62,261,19683.01,4.8,23,0,0,1,359,0
6,31,38.0,3,64007.92,4461.62,261,3418.16,3.1,14,1,1,3,579,0
6,49,38.0,3,64007.92,4461.62,261,23187.72,4.3,20,1,5,1,573,1
6,37,38.0,3,64007.92,4461.62,261,10161.2,3.7,20,2,4,0,593,0
6,36,38.0,3,64007.92,4461.62,261,39783.84,3.5,24,6,2,4,577,1
6,47,38.0,3,64007.92,4461.62,261,22012.83,4.2,7,0,3,4,22,0
6,53,38.0,3,64007.92,4461.62,261,11687.41,3.6,5,9,5,3,232,0
6,58,38.0,3,64007.92,4461.62,261,31249.48,2.8,6,7,5,1,40,1
6,16,38.0,3,64007.92,4461.62,261,40512.73,4.7,28,4,5,1,433,1
7,14,56.0,18,51911.28,1565.08,235,49499.02,3.9,22,3,3,0,196,1
7,38,56.0,18,51911.28,1565.08,235,8266.43,4.9,6,7,3,4,460,1
7,2,56.0,18,51911.28,1565.08,235,12196.25,3.3,13,5,1,4,431,0
7,60,56.0,18,51911.28,1565.08,235,46997.62,4.6,8,8,5,2,396,0
7,28,56.0,18,51911.28,1565.08,235,36570.29,4.1,12,0,2,4,264,0
7,33,56.0,18,51911.28,1565.08,235,28766.21,3.0,20,8,0,4,496,1
7,56,56.0,18,51911.28,1565.08,235,27223.29,4.8,4,9,1,0,285,0
7,5,56.0,18,51911.28,1565.08,235,14502.66,4.1,17,5,3,0,282,1
7,10,56.0,18,51911.28,1565.08,235,2685.99,3.3,8,1,2,4,288,0
7,54,56.0,18,51911.28,1565.08,235,44988.77,4.3,8,9,2,4,238,1
7,8,56.0,18,51911.28,1565.08,235,24108.89,4.5,25,6,1,1,520,1
7,59,56.0,18,51911.28,1565.08,235,5933.21,5.0,7,1,4,1,180,0
8,37,36.0,25,65882.58,4584.62,107,10161.2,3.7,19,1,2,3,282,0
8,13,36.0,25,65882.58,4584.62,107,3262.41,2.6,24,5,3,1,559,0
8,25,36.0,25,65882.58,4584.62,107,41547.91,3.1,19,3,3,1,186,1
8,4,36.0,25,65882.58,4584.62,107,30569.94,4.5,26,3,1,0,114,0
8,60,36.0,25,65882.58,4584.62,107,46997.62,4.6,28,2,1,3,364,1
8,22,36.0,25,65882.58,4584.62,107,20650.86,3.5,24,0,1,1,456,1
8,29,36.0,25,65882.58,4584.62,107,46923.19,4.2,24,1,3,3,146,1
8,24,36.0,25,65882.58,4584.62,107,46483.5,2.9,24,7,5,4,546,1
8,39,36.0,25,65882.58,4584.62,107,8296.86,2.9,3,9,5,1,82,0
8,18,36.0,25,65882.58,4584.62,107,34106.99,4.6,8,9,2,2,161,0
8,41,36.0,25,65882.58,4584.62,107,33293.34,3.8,26,0,2,3,114,0
8,3,36.0,25,65882.58,4584.62,107,5830.36,2.8,26,1,1,3,149,0
9,34,40.0,10,43849.45,3163.5,295,42107.26,4.8,28,6,1,4,454,1
9,12,40.0,10,43849.45,3163.5,295,6807.29,4.4,28,9,5,0,504,1
9,42,40.0,10,43849.45,3163.5,295,26200.96,4.0,20,8,3,0,448,1
9,32,40.0,10,43849.45,3163.5,295,37081.92,3.4,5,0,0,0,200,0
9,35,40.0,10,43849.45,3163.5,295,7074.64,4.0,10,4,0,2,217,1
9,56,40.0,10,43849.45,3163.5,295,27223.29,4.8,15,0,0,1,175,0
9,53,40.0,10,43849.45,3163.5,295,11687.41,3.6,14,5,2,4,518,1
9,26,40.0,10,43849.45,3163.5,295,48254.84,4.3,17,4,2,3,15,1
9,9,40.0,10,43849.45,3163.5,295,26676.21,2.9,26,0,0,1,35,1
9,14,40.0,10,43849.45,3163.5,295,49499.02,3.9,26,3,5,2,457,1
9,37,40.0,10,43849.45,3163.5,295,10161.2,3.7,4,0,0,4,393,0
9,19,40.0,10,43849.45,3163.5,295,38035.37,2.8,15,2,2,3,428,1
10,47,28.0,22,73138.91,2075.98,258,22012.83,4.2,2,6,4,1,503,1
10,25,28.0,22,73138.91,2075.98,258,41547.91,3.1,29,6,5,1,155,1
10,34,28.0,22,73138.91,2075.98,258,42107.26,4.8,26,8,4,1,221,1
10,55,28.0,22,73138.91,2075.98,258,19256.17,4.8,24,2,1,2,410,0
10,51,28.0,22,73138.91,2075.98,258,37405.71,3.9,4,0,0,2,425,0
10,5,28.0,22,73138.91,2075.98,258,14502.66,4.1,6,2,5,0,159,1
10,60,28.0,22,73138.91,2075.98,258,46997.62,4.6,11,9,2,0,325,1
10,59,28.0,22,73138.91,2075.98,258,5933.21,5.0,14,0,1,0,260,1
10,49,28.0,22,73138.91,2075.98,258,23187.72,4.3,23,9,2,4,184,1
10,42,28.0,22,73138.91,2075.98,258,26200.96,4.0,20,6,5,0,246,1
10,45,28.0,22,73138.91,2075.98,258,19683.01,4.8,15,8,1,1,503,1
10,23,28.0,22,73138.91,2075.98,258,17508.53,4.5,23,8,0,2,125,1
11,36,28.0,26,5247.75,3686.82,175,39783.84,3.5,15,3,5,3,470,1
11,3,28.0,26,5247.75,3686.82,175,5830.36,2.8,5,6,3,4,290,1
11,33,28.0,26,5247.75,3686.82,175,28766.21,3.0,4,1,5,1,39,0
11,1,28.0,26,5247.75,3686.82,175,25429.76,4.1,23,1,4,2,230,1
11,44,28.0,26,5247.75,3686.82,175,43872.31,4.7,20,3,3,0,559,1
11,9,28.0,26,5247.75,3686.82,175,26676.21,2.9,15,8,3,0,297,0
11,28,28.0,26,5247.75,3686.82,175,36570.29,4.1,18,4,3,2,287,1
11,54,28.0,26,5247.75,3686.82,175,44988.77,4.3,29,1,4,1,144,1
11,41,28.0,26,5247.75,3686.82,175,33293.34,3.8,10,2,0,4,198,1
11,29,28.0,26,5247.75,3686.82,175,46923.19,4.2,21,1,2,3,147,1
11,20,28.0,26,5247.75,3686.82,175,29822.37,4.6,28,7,0,4,116,1
11,43,28.0,26,5247.75,3686.82,175,18005.64,2.5,11,6,4,3,336,1
12,36,41.0,3,56820.7,2667.5,39,39783.84,3.5,26,8,1,0,48,1
12,18,41.0,3,56820.7,2667.5,39,34106.99,4.6,1,2,3,3,417,1
12,43,41.0,3,56820.7,2667.5,39,18005.64,2.5,2,8,5,1,294,0
12,57,41.0,3,56820.7,2667.5,39,45332.96,3.6,5,3,4,4,137,0
12,48,41.0,3,56820.7,2667.5,39,18909.53,4.8,22,7,5,3,429,1
12,23,41.0,3,56820.7,2667.5,39,17508.53,4.5,16,3,0,0,173,0
12,29,41.0,3,56820.7,2667.5,39,46923.19,4.2,6,2,4,2,409,1
12,45,41.0,3,56820.7,2667.5,39,19683.01,4.8,4,4,2,3,346,0
12,37,41.0,3,56820.7,2667.5,39,10161.2,3.7,14,6,5,3,410,1
12,14,41.0,3,56820.7,2667.5,39,49499.02,3.9,15,1,4,4,381,0
12,39,41.0,3,56820.7,2667.5,39,8296.86,2.9,27,0,4,2,485,1
12,53,41.0,3,56820.7,2667.5,39,11687.41,3.6,22,6,4,2,300,1
13,43,53.0,8,16285.32,2200.94,256,18005.64,2.5,8,3,1,1,35,0
13,42,53.0,8,16285.32,2200.94,256,26200.96,4.0,13,8,3,2,560,0
13,51,53.0,8,16285.32,2200.94,256,37405.71,3.9,15,6,5,2,51,1
13,57,53.0,8,16285.32,2200.94,256,45332.96,3.6,6,1,2,2,457,0
13,10,53.0,8,16285.32,2200.94,256,2685.99,3.3,20,5,0,1,229,0
13,21,53.0,8,16285.32,2200.94,256,23631.65,2.8,8,7,2,3,385,1
13,52,53.0,8,16285.32,2200.94,256,25185.75,4.0,7,3,0,3,572,1
13,15,53.0,8,16285.32,2200.94,256,16185.46,4.4,14,4,0,4,390,0
13,41,53.0,8,16285.32,2200.94,256,33293.34,3.8,25,3,5,3,84,0
13,54,53.0,8,16285.32,2200.94,256,44988.77,4.3,7,9,2,3,447,1
13,18,53.0,8,16285.32,2200.94,256,34106.99,4.6,13,6,1,3,376,1
13,14,53.0,8,16285.32,2200.94,256,49499.02,3.9,25,5,4,2,173,1
14,14,57.0,14,12456.38,3672.88,115,49499.02,3.9,27,3,4,0,560,0
14,53,57.0,14,12456.38,3672.88,115,11687.41,3.6,26,6,0,3,551,1
14,49,57.0,14,12456.38,3672.88,115,23187.72,4.3,11,1,3,3,231,1
14,6,57.0,14,12456.38,3672.88,115,29103.79,3.8,26,4,4,0,392,0
14,5,57.0,14,12456.38,3672.88,115,14502.66,4.1,23,9,4,3,28,1
14,20,57.0,14,12456.38,3672.88,115,29822.37,4.6,5,8,1,0,238,1
14,36,57.0,14,12456.38,3672.88,115,39783.84,3.5,27,6,0,4,550,1
14,24,57.0,14,12456.38,3672.88,115,46483.5,2.9,21,1,3,4,181,1
14,19,57.0,14,12456.38,3672.88,115,38035.37,2.8,3,6,2,1,431,1
14,31,57.0,14,12456.38,3672.88,115,3418.16,3.1,1,9,2,3,205,1
14,51,57.0,14,12456.38,3672.88,115,37405.71,3.9,29,7,5,1,181,0
14,43,57.0,14,12456.38,3672.88,115,18005.64,2.5,10,8,0,4,576,1
15,50,41.0,24,34517.03,1619.26,60,15138.76,2.9,17,4,3,0,275,0
15,59,41.0,24,34517.03,1619.26,60,5933.21,5.0,14,7,0,0,315,0
15,11,41.0,24,34517.03,1619.26,60,16896.55,3.1,17,9,5,0,429,1
15,1,41.0,24,34517.03,1619.26,60,25429.76,4.1,11,5,4,2,34,1
15,2,41.0,24,34517.03,1619.26,60,12196.25,3.3,13,1,2,3,328,0
15,35,41.0,24,34517.03,1619.26,60,7074.64,4.0,19,7,2,0,241,0
15,16,41.0,24,34517.03,1619.26,60,40512.73,4.7,28,0,3,0,332,1
15,36,41.0,24,34517.03,1619.26,60,39783.84,3.5,6,7,5,4,278,1
15,21,41.0,24,34517.03,1619.26,60,23631.65,2.8,20,5,1,1,75,1
15,30,41.0,24,34517.03,1619.26,60,9143.53,3.9,13,1,3,4,123,0
15,46,41.0,24,34517.03,1619.26,60,40848.31,3.9,23,2,2,4,547,0
15,52,41.0,24,34517.03,1619.26,60,25185.75,4.0,22,7,0,0,572,0
16,48,20.0,18,9634.01,1986.14,90,18909.53,4.8,20,5,2,0,254,1
16,4,20.0,18,9634.01,1986.14,90,30569.94,4.5,21,9,4,4,186,1
16,17,20.0,18,9634.01,1986.14,90,12806.57,3.4,5,5,4,3,410,1
16,36,20.0,18,9634.01,1986.14,90,39783.84,3.5,2,8,1,1,306,1
16,10,20.0,18,9634.01,1986.14,90,2685.99,3.3,25,5,5,4,84,1
16,14,20.0,18,9634.01,1986.14,90,49499.02,3.9,8,2,4,2,234,1
16,57,20.0,18,9634.01,1986.14,90,45332.96,3.6,18,0,3,4,353,1
16,3,20.0,18,9634.01,1986.14,90,5830.36,2.8,1,3,0,4,517,0
16,30,20.0,18,9634.01,1986.14,90,9143.53,3.9,2,8,1,4,34,0
16,2,20.0,18,9634.01,1986.14,90,12196.25,3.3,19,8,0,1,490,1
16,24,20.0,18,9634.01,1986.14,90,46483.5,2.9,12,7,1,1,354,1
16,20,20.0,18,9634.01,1986.14,90,29822.37,4.6,6,4,1,0,57,0
17,21,39.0,15,9868.62,2455.03,142,23631.65,2.8,7,4,4,1,188,0
17,6,39.0,15,9868.62,2455.03,142,29103.79,3.8,25,1,3,3,192,1
17,36,39.0,15,9868.62,2455.03,142,39783.84,3.5,2,8,4,1,115,0
17,19,39.0,15,9868.62,2455.03,142,38035.37,2.8,3,9,2,1,596,0
17,7,39.0,15,9868.62,2455.03,142,7802.7,4.7,5,2,5,2,476,1
17,33,39.0,15,9868.62,2455.03,142,28766.21,3.0,16,7,0,3,24,0
17,39,39.0,15,9868.62,2455.03,142,8296.86,2.9,23,2,5,0,476,0
17,1,39.0,15,9868.62,2455.03,142,25429.76,4.1,7,2,0,0,153,0
17,22,39.0,15,9868.62,2455.03,142,20650.86,3.5,8,2,1,3,509,0
17,59,39.0,15,9868.62,2455.03,142,5933.21,5.0,17,6,2,1,555,1
17,34,39.0,15,9868.62,2455.03,142,42107.26,4.8,6,7,1,4,135,1
17,12,39.0,15,9868.62,2455.03,142,6807.29,4.4,17,7,2,1,392,1
18,25,19.0,22,31485.62,1641.57,294,41547.91,3.1,15,5,2,1,256,1
18,41,19.0,22,31485.62,1641.57,294,33293.34,3.8,3,8,1,4,265,1
18,19,19.0,22,31485.62,1641.57,294,38035.37,2.8,17,0,1,3,343,0
18,15,19.0,22,31485.62,1641.57,294,16185.46,4.4,2,1,5,4,559,0
18,31,19.0,22,31485.62,1641.57,294,3418.16,3.1,27,5,1,0,366,0
18,2,19.0,22,31485.62,1641.57,294,12196.25,3.3,24,3,4,4,31,1
18,49,19.0,22,31485.62,1641.57,294,23187.72,4.3,16,1,1,0,282,0
18,53,19.0,22,31485.62,1641.57,294,11687.41,3.6,23,1,3,4,491,0
18,40,19.0,22,31485.62,1641.57,294,40747.28,4.0,17,6,0,4,78,0
18,59,19.0,22,31485.62,1641.57,294,5933.21,5.0,16,2,0,4,497,1
18,13,19.0,22,31485.62,1641.57,294,3262.41,2.6,10,8,1,0,351,1
18,55,19.0,22,31485.62,1641.57,294,19256.17,4.8,22,1,4,2,539,0
19,35,41.0,23,97961.3,2323.41,147,7074.64,4.0,20,7,2,0,250,1
19,12,41.0,23,97961.3,2323.41,147,6807.29,4.4,15,6,2,0,583,1
19,31,41.0,23,97961.3,2323.41,147,3418.16,3.1,22,3,5,4,508,1
19,20,41.0,23,97961.3,2323.41,147,29822.37,4.6,2,0,5,1,131,0
19,38,41.0,23,97961.3,2323.41,147,8266.43,4.9,14,6,0,2,577,1
19,45,41.0,23,97961.3,2323.41,147,19683.01,4.8,25,1,2,1,486,1
19,21,41.0,23,97961.3,2323.41,147,23631.65,2.8,1,2,0,2,537,0
19,25,41.0,23,97961.3,2323.41,147,41547.91,3.1,29,5,1,3,74,0
19,9,41.0,23,97961.3,2323.41,147,26676.21,2.9,11,0,0,2,544,1
19,52,41.0,23,97961.3,2323.41,147,25185.75,4.0,21,6,3,1,461,1
19,5,41.0,23,97961.3,2323.41,147,14502.66,4.1,16,6,2,1,19,1
19,11,41.0,23,97961.3,2323.41,147,16896.55,3.1,17,4,3,0,349,0
20,38,47.0,2,17945.36,3071.63,193,8266.43,4.9,17,0,1,2,200,1
20,20,47.0,2,17945.36,3071.63,193,29822.37,4.6,19,7,0,2,293,1
20,40,47.0,2,17945.36,3071.63,193,40747.28,4.0,14,1,1,1,301,0
20,28,47.0,2,17945.36,3071.63,193,36570.29,4.1,13,8,3,1,83,1
20,32,47.0,2,17945.36,3071.63,193,37081.92,3.4,16,4,5,0,438,1
20,12,47.0,2,17945.36,3071.63,193,6807.29,4.4,14,7,0,0,238,1
20,8,47.0,2,17945.36,3071.63,193,24108.89,4.5,25,7,0,3,346,1
20,25,47.0,2,17945.36,3071.63,193,41547.91,3.1,18,7,1,2,350,1
20,56,47.0,2,17945.36,3071.63,193,27223.29,4.8,23,7,1,4,283,1
20,10,47.0,2,17945.36,3071.63,193,2685.99,3.3,20,4,4,1,538,1
20,17,47.0,2,17945.36,3071.63,193,12806.57,3.4,17,3,1,2,413,1
20,54,47.0,2,17945.36,3071.63,193,44988.77,4.3,15,8,4,2,256,1
21,31,55.0,27,2207.53,3834.38,282,3418.16,3.1,2,0,3,1,565,0
21,5,55.0,27,2207.53,3834.38,282,14502.66,4.1,14,7,5,1,291,1
21,53,55.0,27,2207.53,3834.38,282,11687.41,3.6,16,3,1,1,466,1
21,47,55.0,27,2207.53,3834.38,282,22012.83,4.2,13,6,0,3,139,1
21,23,55.0,27,2207.53,3834.38,282,17508.53,4.5,27,2,3,1,521,0
21,21,55.0,27,2207.53,3834.38,282,23631.65,2.8,16,2,1,3,518,1
21,41,55.0,27,2207.53,3834.38,282,33293.34,3.8,13,3,5,1,533,0
21,13,55.0,27,2207.53,3834.38,282,3262.41,2.6,22,4,2,2,93,0
21,4,55.0,27,2207.53,3834.38,282,30569.94,4.5,11,4,2,4,532,1
21,60,55.0,27,2207.53,3834.38,282,46997.62,4.6,3,9,4,4,302,1
21,51,55.0,27,2207.53,3834.38,282,37405.71,3.9,3,5,0,1,414,1
21,43,55.0,27,2207.53,3834.38,282,18005.64,2.5,25,5,1,4,556,1
22,54,19.0,10,76454.76,3952.38,78,44988.77,4.3,24,6,0,0,419,0
22,47,19.0,10,76454.76,3952.38,78,22012.83,4.2,22,5,3,1,384,1
22,48,19.0,10,76454.76,3952.38,78,18909.53,4.8,6,0,2,1,303,0
22,7,19.0,10,76454.76,3952.38,78,7802.7,4.7,10,7,4,4,66,1
22,59,19.0,10,76454.76,3952.38,78,5933.21,5.0,24,0,2,1,361,1
22,15,19.0,10,76454.76,3952.38,78,16185.46,4.4,10,9,5,0,189,1
22,23,19.0,10,76454.76,3952.38,78,17508.53,4.5,10,9,0,2,66,1
22,20,19.0,10,76454.76,3952.38,78,29822.37,4.6,23,6,0,4,267,1
22,35,19.0,10,76454.76,3952.38,78,7074.64,4.0,1,4,1,3,444,0
22,56,19.0,10,76454.76,3952.38,78,27223.29,4.8,22,1,5,4,551,1
22,28,19.0,10,76454.76,3952.38,78,36570.29,4.1,10,6,3,0,148,0
22,24,19.0,10,76454.76,3952.38,78,46483.5,2.9,26,3,0,4,51,1
23,56,38.0,2,80787.84,4202.56,43,27223.29,4.8,4,4,5,0,20,1
23,20,38.0,2,80787.84,4202.56,43,29822.37,4.6,29,4,4,4,505,1
23,6,38.0,2,80787.84,4202.56,43,29103.79,3.8,17,6,4,2,153,1
23,27,38.0,2,80787.84,4202.56,43,6302.43,4.3,4,7,4,1,418,1
23,41,38.0,2,80787.84,4202.56,43,33293.34,3.8,26,4,0,3,530,1
23,14,38.0,2,80787.84,4202.56,43,49499.02,3.9,22,3,5,3,321,1
23,25,38.0,2,80787.84,4202.56,43,41547.91,3.1,2,1,4,1,374,1
23,42,38.0,2,80787.84,4202.56,43,26200.96,4.0,14,9,5,3,190,1
23,33,38.0,2,80787.84,4202.56,43,28766.21,3.0,24,8,4,2,595,1
23,31,38.0,2,80787.84,4202.56,43,3418.16,3.1,15,5,4,4,191,1
23,17,38.0,2,80787.84,4202.56,43,12806.57,3.4,12,5,3,1,290,1
23,21,38.0,2,80787.84,4202.56,43,23631.65,2.8,2,3,4,2,530,0
24,59,50.0,26,34957.28,3848.95,271,5933.21,5.0,22,1,0,1,512,0
24,13,50.0,26,34957.28,3848.95,271,3262.41,2.6,12,6,4,3,53,1
24,60,50.0,26,34957.28,3848.95,271,46997.62,4.6,23,5,4,3,216,1
24,3,50.0,26,34957.28,3848.95,271,5830.36,2.8,16,4,4,0,46,0
24,20,50.0,26,34957.28,3848.95,271,29822.37,4.6,13,1,5,3,477,0
24,25,50.0,26,34957.28,3848.95,271,41547.91,3.1,13,6,0,3,126,1
24,6,50.0,26,34957.28,3848.95,271,29103.79,3.8,2,1,4,1,51,0
24,53,50.0,26,34957.28,3848.95,271,11687.41,3.6,7,4,1,1,531,1
24,51,50.0,26,34957.28,3848.95,271,37405.71,3.9,28,2,4,0,87,1
24,47,50.0,26,34957.28,3848.95,271,22012.83,4.2,21,0,0,0,78,0
24,10,50.0,26,34957.28,3848.95,271,2685.99,3.3,20,7,5,2,584,1
24,44,50.0,26,34957.28,3848.95,271,43872.31,4.7,18,0,4,0,455,0
25,32,29.0,17,46735.04,3564.68,62,37081.92,3.4,10,9,2,3,338,1
25,11,29.0,17,46735.04,3564.68,62,16896.55,3.1,15,1,5,3,28,0
25,42,29.0,17,46735.04,3564.68,62,26200.96,4.0,7,1,4,2,90,0
25,4,29.0,17,46735.04,3564.68,62,30569.94,4.5,8,3,5,0,213,1
25,15,29.0,17,46735.04,3564.68,62,16185.46,4.4,29,8,3,2,23,1
25,14,29.0,17,46735.04,3564.68,62,49499.02,3.9,10,8,2,3,219,1
25,39,29.0,17,46735.04,3564.68,62,8296.86,2.9,24,2,0,0,344,0
25,59,29.0,17,46735.04,3564.68,62,5933.21,5.0,9,7,3,4,428,1
25,55,29.0,17,46735.04,3564.68,62,19256.17,4.8,19,3,0,4,442,0
25,37,29.0,17,46735.04,3564.68,62,10161.2,3.7,10,6,3,1,36,0
25,17,29.0,17,46735.04,3564.68,62,12806.57,3.4,27,6,0,4,91,0
25,34,29.0,17,46735.04,3564.68,62,42107.26,4.8,22,1,3,1,517,1
26,11,39.0,8,65152.48,1568.78,214,16896.55,3.1,19,1,3,1,366,1
26,56,39.0,8,65152.48,1568.78,214,27223.29,4.8,3,2,5,1,572,0
26,13,39.0,8,65152.48,1568.78,214,3262.41,2.6,12,0,4,1,13,0
26,27,39.0,8,65152.48,1568.78,214,6302.43,4.3,24,0,3,2,334,0
26,38,39.0,8,65152.48,1568.78,214,8266.43,4.9,9,2,4,3,161,0
26,19,39.0,8,65152.48,1568.78,214,38035.37,2.8,3,3,0,4,177,1
26,16,39.0,8,65152.48,1568.78,214,40512.73,4.7,3,7,3,0,305,1
26,17,39.0,8,65152.48,1568.78,214,12806.57,3.4,14,5,0,3,250,1
26,3,39.0,8,65152.48,1568.78,214,5830.36,2.8,9,1,0,4,189,0
26,58,39.0,8,65152.48,1568.78,214,31249.48,2.8,28,9,5,2,448,1
26,21,39.0,8,65152.48,1568.78,214,23631.65,2.8,28,9,3,4,93,1
26,36,39.0,8,65152.48,1568.78,214,39783.84,3.5,13,8,0,4,502,1
27,43,42.0,1,5281.86,2301.0,135,18005.64,2.5,10,9,2,3,91,1
27,24,42.0,1,5281.86,2301.0,135,46483.5,2.9,16,5,5,2,523,1
27,18,42.0,1,5281.86,2301.0,135,34106.99,4.6,9,4,3,4,310,0
27,27,42.0,1,5281.86,2301.0,135,6302.43,4.3,29,9,4,2,137,1
27,46,42.0,1,5281.86,2301.0,135,40848.31,3.9,15,4,2,4,480,0
27,9,42.0,1,5281.86,2301.0,135,26676.21,2.9,21,9,2,0,585,1
27,41,42.0,1,5281.86,2301.0,135,33293.34,3.8,29,9,2,3,12,1
27,49,42.0,1,5281.86,2301.0,135,23187.72,4.3,29,3,2,0,451,1
27,29,42.0,1,5281.86,2301.0,135,46923.19,4.2,1,4,5,1,173,0
27,58,42.0,1,5281.86,2301.0,135,31249.48,2.8,18,0,2,2,421,0
27,52,42.0,1,5281.86,2301.0,135,25185.75,4.0,25,5,3,2,60,1
27,21,42.0,1,5281.86,2301.0,135,23631.65,2.8,12,9,4,0,267,1
28,56,44.0,9,94940.0,2649.72,244,27223.29,4.8,9,9,1,4,511,1
28,51,44.0,9,94940.0,2649.72,244,37405.71,3.9,20,5,4,0,102,1
28,9,44.0,9,94940.0,2649.72,244,26676.21,2.9,28,5,5,4,234,1
28,18,44.0,9,94940.0,2649.72,244,34106.99,4.6,25,7,4,1,550,1
28,17,44.0,9,94940.0,2649.72,244,12806.57,3.4,11,7,4,4,563,1
28,27,44.0,9,94940.0,2649.72,244,6302.43,4.3,4,8,2,1,546,0
28,41,44.0,9,94940.0,2649.72,244,33293.34,3.8,27,0,1,1,134,1
28,4,44.0,9,94940.0,2649.72,244,30569.94,4.5,29,9,5,4,587,1
28,32,44.0,9,94940.0,2649.72,244,37081.92,3.4,18,6,1,3,413,0
28,25,44.0,9,94940.0,2649.72,244,41547.91,3.1,16,3,0,0,218,0
28,42,44.0,9,94940.0,2649.72,244,26200.96,4.0,21,3,4,0,504,0
28,34,44.0,9,94940.0,2649.72,244,42107.26,4.8,23,7,5,3,458,1
29,58,59.0,11,88724.7,873.01,52,31249.48,2.8,19,5,2,4,381,0
29,37,59.0,11,88724.7,873.01,52,10161.2,3.7,4,3,3,3,190,1
29,20,59.0,11,88724.7,873.01,52,29822.37,4.6,16,8,1,1,30,1
29,38,59.0,11,88724.7,873.01,52,8266.43,4.9,12,6,4,1,345,1
29,21,59.0,11,88724.7,873.01,52,23631.65,2.8,19,8,5,0,110,1
29,19,59.0,11,88724.7,873.01,52,38035.37,2.8,16,0,2,1,504,1
29,14,59.0,11,88724.7,873.01,52,49499.02,3.9,2,2,0,2,132,1
29,32,59.0,11,88724.7,873.01,52,37081.92,3.4,16,3,3,4,400,1
29,6,59.0,11,88724.7,873.01,52,29103.79,3.8,12,2,4,0,515,1
29,30,59.0,11,88724.7,873.01,52,9143.53,3.9,10,0,4,4,371,1
29,8,59.0,11,88724.7,873.01,52,24108.89,4.5,1,3,3,1,18,0
29,22,59.0,11,88724.7,873.01,52,20650.86,3.5,29,1,5,0,152,0
30,19,45.0,22,26458.92,2877.67,249,38035.37,2.8,14,4,1,1,339,0
30,34,45.0,22,26458.92,2877.67,249,42107.26,4.8,11,8,1,4,295,1
30,31,45.0,22,26458.92,2877.67,249,3418.16,3.1,6,5,2,4,524,1
30,53,45.0,22,26458.92,2877.67,249,11687.41,3.6,24,4,5,2,197,1
30,35,45.0,22,26458.92,2877.67,249,7074.64,4.0,10,0,3,1,532,1
30,58,45.0,22,26458.92,2877.67,249,31249.48,2.8,26,1,4,3,567,1
30,41,45.0,22,26458.92,2877.67,249,33293.34,3.8,21,1,2,4,551,1
30,27,45.0,22,26458.92,2877.67,249,6302.43,4.3,25,8,2,3,497,1
30,6,45.0,22,26458.92,2877.67,249,29103.79,3.8,5,7,2,2,561,1
30,21,45.0,22,26458.92,2877.67,249,23631.65,2.8,27,2,1,1,422,1
30,32,45.0,22,26458.92,2877.67,249,37081.92,3.4,9,0,2,4,376,1
30,17,45.0,22,26458.92,2877.67,249,12806.57,3.4,7,9,3,4,115,1
31,4,33.0,16,2022.8,2463.51,120,30569.94,4.5,2,8,4,1,60,0
31,48,33.0,16,2022.8,2463.51,120,18909.53,4.8,3,5,2,1,452,0
31,44,33.0,16,2022.8,2463.51,120,43872.31,4.7,16,0,2,2,219,0
31,19,33.0,16,2022.8,2463.51,120,38035.37,2.8,20,4,2,2,130,1
31,55,33.0,16,2022.8,2463.51,120,19256.17,4.8,5,0,2,3,584,0
31,29,33.0,16,2022.8,2463.51,120,46923.19,4.2,12,8,1,4,182,1
31,11,33.0,16,2022.8,2463.51,120,16896.55,3.1,24,2,5,3,148,1
31,42,33.0,16,2022.8,2463.51,120,26200.96,4.0,14,2,5,3,360,1
31,57,33.0,16,2022.8,2463.51,120,45332.96,3.6,11,9,0,2,224,0
31,32,33.0,16,2022.8,2463.51,120,37081.92,3.4,19,7,1,4,204,1
31,37,33.0,16,2022.8,2463.51,120,10161.2,3.7,25,0,4,2,511,1
31,31,33.0,16,2022.8,2463.51,120,3418.16,3.1,9,5,4,0,414,0
32,10,32.0,7,93376.91,4109.49,258,2685.99,3.3,3,0,0,2,22,0
32,52,32.0,7,93376.91,4109.49,258,25185.75,4.0,16,8,0,2,300,1
32,26,32.0,7,93376.91,4109.49,258,48254.84,4.3,5,1,5,4,396,1
32,29,32.0,7,93376.91,4109.49,258,46923.19,4.2,20,4,5,0,209,1
32,56,32.0,7,93376.91,4109.49,258,27223.29,4.8,20,1,3,3,560,0
32,25,32.0,7,93376.91,4109.49,258,41547.91,3.1,24,8,1,1,598,0
32,54,32.0,7,93376.91,4109.49,258,44988.77,4.3,18,3,0,4,223,1
32,32,32.0,7,93376.91,4109.49,258,37081.92,3.4,10,7,1,0,155,1
32,20,32.0,7,93376.91,4109.49,258,29822.37,4.6,26,4,3,2,483,1
32,48,32.0,7,93376.91,4109.49,258,18909.53,4.8,23,4,5,0,162,1
32,60,32.0,7,93376.91,4109.49,258,46997.62,4.6,23,8,2,0,195,1
32,16,32.0,7,93376.91,4109.49,258,40512.73,4.7,20,2,4,4,475,1
33,15,20.0,29,50353.47,4900.55,160,16185.46,4.4,23,0,4,4,235,1
33,1,20.0,29,50353.47,4900.55,160,25429.76,4.1,13,9,0,1,191,1
33,53,20.0,29,50353.47,4900.55,160,11687.41,3.6,26,7,2,4,282,1
33,14,20.0,29,50353.47,4900.55,160,49499.02,3.9,4,9,4,2,34,1
33,13,20.0,29,50353.47,4900.55,160,3262.41,2.6,20,1,5,1,46,0
33,44,20.0,29,50353.47,4900.55,160,43872.31,4.7,28,2,3,1,95,1
33,51,20.0,29,50353.47,4900.55,160,37405.71,3.9,21,2,2,2,442,0
33,41,20.0,29,50353.47,4900.55,160,33293.34,3.8,4,6,2,3,536,1
33,5,20.0,29,50353.47,4900.55,160,14502.66,4.1,5,4,4,1,373,1
33,29,20.0,29,50353.47,4900.55,160,46923.19,4.2,15,3,3,1,175,0
33,2,20.0,29,50353.47,4900.55,160,12196.25,3.3,26,2,2,3,513,0
33,22,20.0,29,50353.47,4900.55,160,20650.86,3.5,8,4,1,1,127,0
34,57,54.0,10,54168.06,3002.02,192,45332.96,3.6,14,5,2,2,238,1
34,40,54.0,10,54168.06,3002.02,192,40747.28,4.0,6,1,2,0,283,1
34,49,54.0,10,54168.06,3002.02,192,23187.72,4.3,25,7,3,4,479,1
34,46,54.0,10,54168.06,3002.02,192,40848.31,3.9,20,9,3,2,215,1
34,38,54.0,10,54168.06,3002.02,192,8266.43,4.9,24,7,1,4,318,1
34,16,54.0,10,54168.06,3002.02,192,40512.73,4.7,27,3,4,0,314,1
34,24,54.0,10,54168.06,3002.02,192,46483.5,2.9,8,6,1,0,302,1
34,59,54.0,10,54168.06,3002.02,192,5933.21,5.0,8,6,5,3,520,1
34,7,54.0,10,54168.06,3002.02,192,7802.7,4.7,18,5,3,1,373,1
34,42,54.0,10,54168.06,3002.02,192,26200.96,4.0,7,5,3,4,376,1
34,31,54.0,10,54168.06,3002.02,192,3418.16,3.1,20,2,3,2,480,0
34,36,54.0,10,54168.06,3002.02,192,39783.84,3.5,29,6,5,1,412,1
35,17,24.0,23,68554.4,1952.09,104,12806.57,3.4,8,2,2,0,244,0
35,34,24.0,23,68554.4,1952.09,104,42107.26,4.8,8,4,0,0,307,0
35,38,24.0,23,68554.4,1952.09,104,8266.43,4.9,24,6,2,1,208,1
35,31,24.0,23,68554.4,1952.09,104,3418.16,3.1,22,3,1,0,332,0
35,37,24.0,23,68554.4,1952.09,104,10161.2,3.7,23,7,1,2,17,1
35,57,24.0,23,68554.4,1952.09,104,45332.96,3.6,3,0,5,4,228,0
35,23,24.0,23,68554.4,1952.09,104,17508.53,4.5,2,0,0,3,383,0
35,36,24.0,23,68554.4,1952.09,104,39783.84,3.5,9,0,3,0,214,0
35,20,24.0,23,68554.4,1952.09,104,29822.37,4.6,21,4,1,2,130,1
35,7,24.0,23,68554.4,1952.09,104,7802.7,4.7,20,8,5,1,378,1
35,26,24.0,23,68554.4,1952.09,104,48254.84,4.3,11,9,0,0,186,1
35,35,24.0,23,68554.4,1952.09,104,7074.64,4.0,22,3,4,1,369,1
36,41,38.0,26,61777.19,695.3,17,33293.34,3.8,15,6,5,2,71,1
36,28,38.0,26,61777.19,695.3,17,36570.29,4.1,5,6,1,0,61,1
36,45,38.0,26,61777.19,695.3,17,19683.01,4.8,14,0,1,3,247,0
36,49,38.0,26,61777.19,695.3,17,23187.72,4.3,16,7,3,1,390,1
36,3,38.0,26,61777.19,695.3,17,5830.36,2.8,27,1,3,0,217,1
36,48,38.0,26,61777.19,695.3,17,18909.53,4.8,24,7,5,4,453,1
36,58,38.0,26,61777.19,695.3,17,31249.48,2.8,17,8,1,3,112,1
36,21,38.0,26,61777.19,695.3,17,23631.65,2.8,6,9,3,2,125,1
36,6,38.0,26,61777.19,695.3,17,29103.79,3.8,6,7,5,0,327,0
36,32,38.0,26,61777.19,695.3,17,37081.92,3.4,16,7,0,1,95,0
36,19,38.0,26,61777.19,695.3,17,38035.37,2.8,10,7,0,3,510,0
36,51,38.0,26,61777.19,695.3,17,37405.71,3.9,27,3,4,0,323,1
37,57,26.0,3,94417.21,4660.89,193,45332.96,3.6,6,7,1,3,304,1
37,53,26.0,3,94417.21,4660.89,193,11687.41,3.6,17,9,5,0,58,0
37,60,26.0,3,94417.21,4660.89,193,46997.62,4.6,5,3,0,1,218,1
37,47,26.0,3,94417.21,4660.89,193,22012.83,4.2,7,0,1,2,338,0
37,24,26.0,3,94417.21,4660.89,193,46483.5,2.9,4,3,3,0,544,0
37,26,26.0,3,94417.21,4660.89,193,48254.84,4.3,5,6,0,3,299,0
37,19,26.0,3,94417.21,4660.89,193,38035.37,2.8,29,1,0,2,555,1
37,32,26.0,3,94417.21,4660.89,193,37081.92,3.4,11,1,4,4,414,1
37,28,26.0,3,94417.21,4660.89,193,36570.29,4.1,19,6,5,4,238,1
37,35,26.0,3,94417.21,4660.89,193,7074.64,4.0,11,7,5,4,547,1
37,45,26.0,3,94417.21,4660.89,193,19683.01,4.8,7,2,5,2,368,0
37,29,26.0,3,94417.21,4660.89,193,46923.19,4.2,4,9,5,0,174,1
38,50,56.0,18,94453.03,4636.02,290,15138.76,2.9,28,9,1,0,100,0
38,49,56.0,18,94453.03,4636.02,290,23187.72,4.3,5,9,4,2,386,1
38,24,56.0,18,94453.03,4636.02,290,46483.5,2.9,24,2,2,0,569,1
38,60,56.0,18,94453.03,4636.02,290,46997.62,4.6,12,0,0,4,66,1
38,19,56.0,18,94453.03,4636.02,290,38035.37,2.8,11,8,0,1,211,1
38,58,56.0,18,94453.03,4636.02,290,31249.48,2.8,28,5,3,3,564,1
38,34,56.0,18,94453.03,4636.02,290,42107.26,4.8,27,9,0,4,143,1
38,42,56.0,18,94453.03,4636.02,290,26200.96,4.0,18,5,0,0,134,0
38,54,56.0,18,94453.03,4636.02,290,44988.77,4.3,8,2,5,4,255,0
38,12,56.0,18,94453.03,4636.02,290,6807.29,4.4,1,3,1,3,277,1
38,15,56.0,18,94453.03,4636.02,290,16185.46,4.4,7,6,2,3,573,1
38,16,56.0,18,94453.03,4636.02,290,40512.73,4.7,13,1,0,1,193,0
39,58,35.0,25,86786.29,1638.46,204,31249.48,2.8,1,0,2,2,172,0
39,49,35.0,25,86786.29,1638.46,204,23187.72,4.3,5,0,1,1,294,0
39,39,35.0,25,86786.29,1638.46,204,8296.86,2.9,20,9,2,1,440,1
39,9,35.0,25,86786.29,1638.46,204,26676.21,2.9,10,9,2,0,65,0
39,22,35.0,25,86786.29,1638.46,204,20650.86,3.5,10,1,0,3,100,0
39,32,35.0,25,86786.29,1638.46,204,37081.92,3.4,2,0,0,0,349,0
39,51,35.0,25,86786.29,1638.46,204,37405.71,3.9,4,7,4,3,114,1
39,46,35.0,25,86786.29,1638.46,204,40848.31,3.9,18,9,2,0,57,1
39,33,35.0,25,86786.29,1638.46,204,28766.21,3.0,7,4,0,2,558,0
39,13,35.0,25,86786.29,1638.46,204,3262.41,2.6,22,4,4,0,201,1
39,29,35.0,25,86786.29,1638.46,204,46923.19,4.2,8,0,1,3,91,0
39,23,35.0,25,86786.29,1638.46,204,17508.53,4.5,10,7,3,4,598,0
40,11,21.0,24,63822.16,3629.35,204,16896.55,3.1,18,0,4,0,197,1
40,31,21.0,24,63822.16,3629.35,204,3418.16,3.1,10,6,0,1,389,0
40,37,21.0,24,63822.16,3629.35,204,10161.2,3.7,1,1,4,1,74,0
40,58,21.0,24,63822.16,3629.35,204,31249.48,2.8,5,0,3,4,378,0
40,49,21.0,24,63822.16,3629.35,204,23187.72,4.3,14,9,2,4,132,1
40,38,21.0,24,63822.16,3629.35,204,8266.43,4.9,17,8,1,4,324,1
40,30,21.0,24,63822.16,3629.35,204,9143.53,3.9,6,0,2,3,569,0
40,36,21.0,24,63822.16,3629.35,204,39783.84,3.5,5,0,3,3,63,1
40,13,21.0,24,63822.16,3629.35,204,3262.41,2.6,3,8,5,3,467,0
40,32,21.0,24,63822.16,3629.35,204,37081.92,3.4,10,5,5,1,139,1
40,3,21.0,24,63822.16,3629.35,204,5830.36,2.8,10,0,4,1,536,0
40,20,21.0,24,63822.16,3629.35,204,29822.37,4.6,8,9,5,4,123,1
41,35,42.0,13,80194.45,839.46,164,7074.64,4.0,26,4,0,0,339,0
41,28,42.0,13,80194.45,839.46,164,36570.29,4.1,3,9,2,3,566,0
41,57,42.0,13,80194.45,839.46,164,45332.96,3.6,3,1,2,4,294,1
41,23,42.0,13,80194.45,839.46,164,17508.53,4.5,15,1,0,1,113,0
41,32,42.0,13,80194.45,839.46,164,37081.92,3.4,18,8,4,2,145,1
41,1,42.0,13,80194.45,839.46,164,25429.76,4.1,3,5,0,3,508,1
41,41,42.0,13,80194.45,839.46,164,33293.34,3.8,21,4,2,3,300,1
41,60,42.0,13,80194.45,839.46,164,46997.62,4.6,14,3,3,2,56,0
41,36,42.0,13,80194.45,839.46,164,39783.84,3.5,16,4,3,3,517,1
41,5,42.0,13,80194.45,839.46,164,14502.66,4.1,13,8,3,3,86,1
41,54,42.0,13,80194.45,839.46,164,44988.77,4.3,26,5,1,4,560,1
41,3,42.0,13,80194.45,839.46,164,5830.36,2.8,19,7,2,0,86,1
42,44,31.0,28,67878.25,1247.97,102,43872.31,4.7,25,2,1,3,42,0
42,39,31.0,28,67878.25,1247.97,102,8296.86,2.9,14,8,1,0,352,0
42,41,31.0,28,67878.25,1247.97,102,33293.34,3.8,29,8,5,4,326,1
42,60,31.0,28,67878.25,1247.97,102,46997.62,4.6,22,2,5,3,504,1
42,26,31.0,28,67878.25,1247.97,102,48254.84,4.3,3,9,0,0,578,0
42,5,31.0,28,67878.25,1247.97,102,14502.66,4.1,17,4,2,0,385,1
42,37,31.0,28,67878.25,1247.97,102,10161.2,3.7,3,4,3,3,338,0
42,35,31.0,28,67878.25,1247.97,102,7074.64,4.0,7,9,1,2,478,1
42,23,31.0,28,67878.25,1247.97,102,17508.53,4.5,13,2,3,0,559,1
42,54,31.0,28,67878.25,1247.97,102,44988.77,4.3,18,2,0,4,309,0
42,38,31.0,28,67878.25,1247.97,102,8266.43,4.9,1,7,3,2,531,1
42,6,31.0,28,67878.25,1247.97,102,29103.79,3.8,9,1,5,3,238,0
43,13,26.0,26,57550.02,1475.64,169,3262.41,2.6,1,0,1,0,112,0
43,38,26.0,26,57550.02,1475.64,169,8266.43,4.9,20,1,3,2,20,1
43,22,26.0,26,57550.02,1475.64,169,20650.86,3.5,15,9,0,2,594,0
43,20,26.0,26,57550.02,1475.64,169,29822.37,4.6,28,0,0,3,238,1
43,39,26.0,26,57550.02,1475.64,169,8296.86,2.9,18,5,0,3,62,0
43,43,26.0,26,57550.02,1475.64,169,18005.64,2.5,23,9,5,3,344,1
43,6,26.0,26,57550.02,1475.64,169,29103.79,3.8,26,8,1,1,505,0
43,4,26.0,26,57550.02,1475.64,169,30569.94,4.5,28,4,2,1,308,1
43,24,26.0,26,57550.02,1475.64,169,46483.5,2.9,20,4,3,3,402,1
43,18,26.0,26,57550.02,1475.64,169,34106.99,4.6,29,6,4,4,177,1
43,31,26.0,26,57550.02,1475.64,169,3418.16,3.1,24,2,1,1,231,0
43,7,26.0,26,57550.02,1475.64,169,7802.7,4.7,22,0,0,1,475,0
44,29,43.0,7,13285.79,1825.22,70,46923.19,4.2,26,7,4,4,308,1
44,55,43.0,7,13285.79,1825.22,70,19256.17,4.8,19,4,2,1,220,1
44,16,43.0,7,13285.79,1825.22,70,40512.73,4.7,13,7,1,3,365,1
44,12,43.0,7,13285.79,1825.22,70,6807.29,4.4,17,3,3,4,582,1
44,27,43.0,7,13285.79,1825.22,70,6302.43,4.3,4,9,0,2,120,1
44,17,43.0,7,13285.79,1825.22,70,12806.57,3.4,25,0,5,1,108,1
44,50,43.0,7,13285.79,1825.22,70,15138.76,2.9,18,5,0,4,249,0
44,59,43.0,7,13285.79,1825.22,70,5933.21,5.0,23,3,0,4,280,0
44,18,43.0,7,13285.79,1825.22,70,34106.99,4.6,18,2,1,1,343,1
44,44,43.0,7,13285.79,1825.22,70,43872.31,4.7,19,4,2,3,481,0
44,47,43.0,7,13285.79,1825.22,70,22012.83,4.2,23,7,5,0,212,1
44,40,43.0,7,13285.79,1825.22,70,40747.28,4.0,17,3,2,0,22,0
45,17,19.0,25,81214.82,4981.24,131,12806.57,3.4,6,5,5,4,440,0
45,13,19.0,25,81214.82,4981.24,131,3262.41,2.6,26,3,1,1,569,1
45,27,19.0,25,81214.82,4981.24,131,6302.43,4.3,17,4,3,4,266,0
45,35,19.0,25,81214.82,4981.24,131,7074.64,4.0,1,5,0,1,470,0
45,41,19.0,25,81214.82,4981.24,131,33293.34,3.8,1,4,0,0,442,1
45,44,19.0,25,81214.82,4981.24,131,43872.31,4.7,17,7,0,3,78,0
45,12,19.0,25,81214.82,4981.24,131,6807.29,4.4,6,8,0,0,266,0
45,53,19.0,25,81214.82,4981.24,131,11687.41,3.6,10,2,0,2,325,0
45,59,19.0,25,81214.82,4981.24,131,5933.21,5.0,18,1,0,0,375,0
45,8,19.0,25,81214.82,4981.24,131,24108.89,4.5,17,0,3,3,443,0
45,21,19.0,25,81214.82,4981.24,131,23631.65,2.8,25,1,3,0,187,0
45,20,19.0,25,81214.82,4981.24,131,29822.37,4.6,10,0,2,3,239,1
46,37,37.0,4,82153.63,3636.16,60,10161.2,3.7,17,9,5,1,72,1
46,47,37.0,4,82153.63,3636.16,60,22012.83,4.2,1,3,2,4,331,1
46,8,37.0,4,82153.63,3636.16,60,24108.89,4.5,6,4,4,0,470,0
46,36,37.0,4,82153.63,3636.16,60,39783.84,3.5,16,1,1,3,81,1
46,2,37.0,4,82153.63,3636.16,60,12196.25,3.3,10,8,0,2,284,0
46,57,37.0,4,82153.63,3636.16,60,45332.96,3.6,19,5,5,1,582,1
46,48,37.0,4,82153.63,3636.16,60,18909.53,4.8,18,1,2,0,471,1
46,40,37.0,4,82153.63,3636.16,60,40747.28,4.0,1,6,4,3,473,1
46,56,37.0,4,82153.63,3636.16,60,27223.29,4.8,27,9,5,2,571,1
46,14,37.0,4,82153.63,3636.16,60,49499.02,3.9,12,6,5,4,244,1
46,60,37.0,4,82153.63,3636.16,60,46997.62,4.6,4,2,1,0,99,0
46,18,37.0,4,82153.63,3636.16,60,34106.99,4.6,13,0,4,2,542,0
47,12,45.0,13,62781.0,2228.91,286,6807.29,4.4,3,0,3,4,511,0
47,2,45.0,13,62781.0,2228.91,286,12196.25,3.3,17,5,5,0,151,0
47,41,45.0,13,62781.0,2228.91,286,33293.34,3.8,1,5,0,3,64,0
47,7,45.0,13,62781.0,2228.91,286,7802.7,4.7,7,0,0,4,334,0
47,24,45.0,13,62781.0,2228.91,286,46483.5,2.9,16,8,5,0,573,0
47,22,45.0,13,62781.0,2228.91,286,20650.86,3.5,10,8,4,2,573,1
47,21,45.0,13,62781.0,2228.91,286,23631.65,2.8,28,2,4,4,257,0
47,8,45.0,13,62781.0,2228.91,286,24108.89,4.5,3,6,5,4,295,1
47,6,45.0,13,62781.0,2228.91,286,29103.79,3.8,24,4,0,4,122,1
47,20,45.0,13,62781.0,2228.91,286,29822.37,4.6,8,3,3,1,130,1
47,13,45.0,13,62781.0,2228.91,286,3262.41,2.6,2,9,1,0,48,0
47,33,45.0,13,62781.0,2228.91,286,28766.21,3.0,26,0,0,3,537,1
48,28,24.0,20,82132.47,3816.95,14,36570.29,4.1,26,7,3,0,430,1
48,59,24.0,20,82132.47,3816.95,14,5933.21,5.0,1,3,5,1,481,0
48,60,24.0,20,82132.47,3816.95,14,46997.62,4.6,5,6,0,4,277,1
48,47,24.0,20,82132.47,3816.95,14,22012.83,4.2,8,8,5,3,351,1
48,41,24.0,20,82132.47,3816.95,14,33293.34,3.8,20,3,5,0,19,1
48,57,24.0,20,82132.47,3816.95,14,45332.96,3.6,4,3,0,2,287,0
48,36,24.0,20,82132.47,3816.95,14,39783.84,3.5,9,0,3,0,17,0
48,44,24.0,20,82132.47,3816.95,14,43872.31,4.7,29,0,0,3,527,1
48,54,24.0,20,82132.47,3816.95,14,44988.77,4.3,5,1,0,1,348,1
48,17,24.0,20,82132.47,3816.95,14,12806.57,3.4,8,2,1,0,515,0
48,32,24.0,20,82132.47,3816.95,14,37081.92,3.4,8,2,1,1,104,1
48,6,24.0,20,82132.47,3816.95,14,29103.79,3.8,18,8,5,0,446,1
49,44,25.0,1,65322.73,4618.64,101,43872.31,4.7,17,3,4,4,104,1
49,11,25.0,1,65322.73,4618.64,101,16896.55,3.1,27,6,4,4,90,1
49,21,25.0,1,65322.73,4618.64,101,23631.65,2.8,6,8,2,4,275,0
49,24,25.0,1,65322.73,4618.64,101,46483.5,2.9,15,7,2,1,429,1
49,15,25.0,1,65322.73,4618.64,101,16185.46,4.4,1,4,4,0,497,1
49,30,25.0,1,65322.73,4618.64,101,9143.53,3.9,7,3,2,2,551,0
49,43,25.0,1,65322.73,4618.64,101,18005.64,2.5,11,0,3,0,422,0
49,48,25.0,1,65322.73,4618.64,101,18909.53,4.8,25,2,2,3,152,1
49,46,25.0,1,65322.73,4618.64,101,40848.31,3.9,11,2,4,1,173,1
49,19,25.0,1,65322.73,4618.64,101,38035.37,2.8,13,0,4,4,599,0
49,31,25.0,1,65322.73,4618.64,101,3418.16,3.1,14,7,3,3,348,1
49,20,25.0,1,65322.73,4618.64,101,29822.37,4.6,4,2,0,4,86,0
50,24,52.0,8,21065.09,4814.16,179,46483.5,2.9,6,0,1,4,183,0
50,47,52.0,8,21065.09,4814.16,179,22012.83,4.2,29,1,5,1,536,1
50,3,52.0,8,21065.09,4814.16,179,5830.36,2.8,13,6,2,3,578,0
50,52,52.0,8,21065.09,4814.16,179,25185.75,4.0,18,5,2,0,312,1
50,7,52.0,8,21065.09,4814.16,179,7802.7,4.7,22,5,0,4,569,0
50,53,52.0,8,21065.09,4814.16,179,11687.41,3.6,3,6,1,2,110,0
50,15,52.0,8,21065.09,4814.16,179,16185.46,4.4,3,9,1,3,290,0
50,33,52.0,8,21065.09,4814.16,179,28766.21,3.0,15,7,5,2,311,0
50,35,52.0,8,21065.09,4814.16,179,7074.64,4.0,29,4,0,2,390,1
50,56,52.0,8,21065.09,4814.16,179,27223.29,4.8,4,9,2,2,317,1
50,57,52.0,8,21065.09,4814.16,179,45332.96,3.6,28,5,5,0,373,1
50,25,52.0,8,21065.09,4814.16,179,41547.91,3.1,1,7,4,0,184,1
51,51,31.0,14,27759.13,760.39,31,37405.71,3.9,13,3,0,1,242,0
51,24,31.0,14,27759.13,760.39,31,46483.5,2.9,28,7,2,2,243,1
51,22,31.0,14,27759.13,760.39,31,20650.86,3.5,13,7,0,2,512,1
51,13,31.0,14,27759.13,760.39,31,3262.41,2.6,16,9,4,3,373,1
51,45,31.0,14,27759.13,760.39,31,19683.01,4.8,18,3,0,1,273,1
51,38,31.0,14,27759.13,760.39,31,8266.43,4.9,7,8,2,0,119,1
51,36,31.0,14,27759.13,760.39,31,39783.84,3.5,16,3,5,3,253,1
51,8,31.0,14,27759.13,760.39,31,24108.89,4.5,26,9,0,3,492,1
51,43,31.0,14,27759.13,760.39,31,18005.64,2.5,22,2,2,1,110,1
51,54,31.0,14,27759.13,760.39,31,44988.77,4.3,16,0,0,2,172,0
51,10,31.0,14,27759.13,760.39,31,2685.99,3.3,22,2,3,4,542,0
51,23,31.0,14,27759.13,760.39,31,17508.53,4.5,10,0,2,2,64,1
52,36,34.0,16,21851.62,2275.35,10,39783.84,3.5,16,7,1,0,442,1
52,27,34.0,16,21851.62,2275.35,10,6302.43,4.3,24,9,2,4,472,1
52,2,34.0,16,21851.62,2275.35,10,12196.25,3.3,6,2,5,1,104,1
52,10,34.0,16,21851.62,2275.35,10,2685.99,3.3,11,9,5,3,545,1
52,58,34.0,16,21851.62,2275.35,10,31249.48,2.8,4,4,4,4,419,0
52,50,34.0,16,21851.62,2275.35,10,15138.76,2.9,5,2,4,2,131,1
52,40,34.0,16,21851.62,2275.35,10,40747.28,4.0,29,0,0,0,510,0
52,54,34.0,16,21851.62,2275.35,10,44988.77,4.3,13,5,4,4,100,1
52,41,34.0,16,21851.62,2275.35,10,33293.34,3.8,20,9,4,4,70,1
52,52,34.0,16,21851.62,2275.35,10,25185.75,4.0,29,8,5,4,523,1
52,6,34.0,16,21851.62,2275.35,10,29103.79,3.8,2,1,2,2,205,0
52,30,34.0,16,21851.62,2275.35,10,9143.53,3.9,18,3,0,1,230,1
53,26,53.0,14,38037.28,980.4,142,48254.84,4.3,26,2,3,0,71,0
53,37,53.0,14,38037.28,980.4,142,10161.2,3.7,3,0,3,2,511,0
53,17,53.0,14,38037.28,980.4,142,12806.57,3.4,25,8,3,4,10,1
53,15,53.0,14,38037.28,980.4,142,16185.46,4.4,8,3,4,0,95,0
53,1,53.0,14,38037.28,980.4,142,25429.76,4.1,23,3,3,3,184,1
53,46,53.0,14,38037.28,980.4,142,40848.31,3.9,5,7,0,1,452,0
53,18,53.0,14,38037.28,980.4,142,34106.99,4.6,16,0,3,1,363,0
53,49,53.0,14,38037.28,980.4,142,23187.72,4.3,1,9,1,4,328,0
53,43,53.0,14,38037.28,980.4,142,18005.64,2.5,22,9,1,3,51,1
53,22,53.0,14,38037.28,980.4,142,20650.86,3.5,23,0,3,0,301,1
53,25,53.0,14,38037.28,980.4,142,41547.91,3.1,4,2,0,1,345,1
53,34,53.0,14,38037.28,980.4,142,42107.26,4.8,22,3,5,4,271,1
54,48,57.0,12,4376.83,2010.47,242,18909.53,4.8,5,3,5,4,452,1
54,6,57.0,12,4376.83,2010.47,242,29103.79,3.8,9,5,2,1,217,1
54,5,57.0,12,4376.83,2010.47,242,14502.66,4.1,10,2,1,0,387,0
54,59,57.0,12,4376.83,2010.47,242,5933.21,5.0,27,7,2,0,196,1
54,51,57.0,12,4376.83,2010.47,242,37405.71,3.9,29,3,2,2,108,1
54,55,57.0,12,4376.83,2010.47,242,19256.17,4.8,4,5,2,2,190,1
54,33,57.0,12,4376.83,2010.47,242,28766.21,3.0,25,0,0,0,184,0
54,58,57.0,12,4376.83,2010.47,242,31249.48,2.8,22,6,2,2,358,1
54,37,57.0,12,4376.83,2010.47,242,10161.2,3.7,4,1,1,2,17,0
54,40,57.0,12,4376.83,2010.47,242,40747.28,4.0,11,4,0,0,244,0
54,47,57.0,12,4376.83,2010.47,242,22012.83,4.2,21,9,3,0,592,1
54,20,57.0,12,4376.83,2010.47,242,29822.37,4.6,29,9,3,1,325,1
55,21,21.0,19,62016.26,1263.56,21,23631.65,2.8,27,5,2,3,158,1
55,4,21.0,19,62016.26,1263.56,21,30569.94,4.5,29,4,2,4,455,1
55,23,21.0,19,62016.26,1263.56,21,17508.53,4.5,18,2,0,1,193,0
55,53,21.0,19,62016.26,1263.56,21,11687.41,3.6,13,5,4,2,302,1
55,9,21.0,19,62016.26,1263.56,21,26676.21,2.9,3,2,3,3,421,0
55,46,21.0,19,62016.26,1263.56,21,40848.31,3.9,18,9,3,3,163,1
55,34,21.0,19,62016.26,1263.56,21,42107.26,4.8,17,7,0,4,577,1
55,14,21.0,19,62016.26,1263.56,21,49499.02,3.9,27,9,3,3,220,1
55,3,21.0,19,62016.26,1263.56,21,5830.36,2.8,7,3,4,0,336,0
55,28,21.0,19,62016.26,1263.56,21,36570.29,4.1,26,6,4,1,102,1
55,45,21.0,19,62016.26,1263.56,21,19683.01,4.8,16,9,2,0,362,1
55,44,21.0,19,62016.26,1263.56,21,43872.31,4.7,24,8,2,1,508,0
56,52,19.0,23,33987.14,3410.82,55,25185.75,4.0,10,1,4,3,593,1
56,55,19.0,23,33987.14,3410.82,55,19256.17,4.8,17,1,4,0,227,1
56,51,19.0,23,33987.14,3410.82,55,37405.71,3.9,12,6,1,4,426,0
56,43,19.0,23,33987.14,3410.82,55,18005.64,2.5,15,5,3,1,407,0
56,17,19.0,23,33987.14,3410.82,55,12806.57,3.4,20,8,1,0,137,1
56,6,19.0,23,33987.14,3410.82,55,29103.79,3.8,11,8,4,4,463,1
56,32,19.0,23,33987.14,3410.82,55,37081.92,3.4,25,7,0,3,143,1
56,4,19.0,23,33987.14,3410.82,55,30569.94,4.5,4,1,3,0,357,1
56,11,19.0,23,33987.14,3410.82,55,16896.55,3.1,7,5,2,0,230,0
56,49,19.0,23,33987.14,3410.82,55,23187.72,4.3,25,1,2,1,167,1
56,25,19.0,23,33987.14,3410.82,55,41547.91,3.1,11,7,2,2,539,1
56,45,19.0,23,33987.14,3410.82,55,19683.01,4.8,24,2,3,0,101,0
57,30,23.0,15,65744.4,2247.21,43,9143.53,3.9,24,2,3,2,216,1
57,2,23.0,15,65744.4,2247.21,43,12196.25,3.3,21,8,3,0,243,1
57,59,23.0,15,65744.4,2247.21,43,5933.21,5.0,14,0,5,0,91,1
57,21,23.0,15,65744.4,2247.21,43,23631.65,2.8,24,0,2,4,466,0
57,17,23.0,15,65744.4,2247.21,43,12806.57,3.4,15,8,1,2,97,0
57,22,23.0,15,65744.4,2247.21,43,20650.86,3.5,8,6,4,0,512,0
57,55,23.0,15,65744.4,2247.21,43,19256.17,4.8,21,4,2,2,399,1
57,35,23.0,15,65744.4,2247.21,43,7074.64,4.0,12,1,3,3,241,0
57,33,23.0,15,65744.4,2247.21,43,28766.21,3.0,26,5,0,1,312,1
57,31,23.0,15,65744.4,2247.21,43,3418.16,3.1,13,8,3,4,356,1
57,58,23.0,15,65744.4,2247.21,43,31249.48,2.8,7,7,4,0,471,0
57,42,23.0,15,65744.4,2247.21,43,26200.96,4.0,4,3,4,0,433,1
58,2,59.0,28,38846.96,1532.28,87,12196.25,3.3,5,8,1,3,326,1
58,30,59.0,28,38846.96,1532.28,87,9143.53,3.9,21,3,1,3,495,0
58,60,59.0,28,38846.96,1532.28,87,46997.62,4.6,11,7,3,3,405,1
58,37,59.0,28,38846.96,1532.28,87,10161.2,3.7,16,0,4,1,473,0
58,26,59.0,28,38846.96,1532.28,87,48254.84,4.3,4,6,4,0,318,1
58,39,59.0,28,38846.96,1532.28,87,8296.86,2.9,9,4,0,3,52,0
58,51,59.0,28,38846.96,1532.28,87,37405.71,3.9,10,3,4,4,264,1
58,14,59.0,28,38846.96,1532.28,87,49499.02,3.9,16,8,5,3,264,1
58,38,59.0,28,38846.96,1532.28,87,8266.43,4.9,3,1,4,2,462,0
58,28,59.0,28,38846.96,1532.28,87,36570.29,4.1,28,9,1,2,140,0
58,56,59.0,28,38846.96,1532.28,87,27223.29,4.8,17,0,1,0,24,0
58,35,59.0,28,38846.96,1532.28,87,7074.64,4.0,19,2,5,3,54,0
59,4,21.0,2,68320.56,1696.72,227,30569.94,4.5,24,4,3,4,466,1
59,49,21.0,2,68320.56,1696.72,227,23187.72,4.3,2,7,4,0,581,1
59,46,21.0,2,68320.56,1696.72,227,40848.31,3.9,21,2,1,3,53,1
59,5,21.0,2,68320.56,1696.72,227,14502.66,4.1,2,8,4,3,457,0
59,24,21.0,2,68320.56,1696.72,227,46483.5,2.9,26,9,4,1,44,0
59,55,21.0,2,68320.56,1696.72,227,19256.17,4.8,19,4,3,2,273,0
59,42,21.0,2,68320.56,1696.72,227,26200.96,4.0,3,5,4,1,55,1
59,56,21.0,2,68320.56,1696.72,227,27223.29,4.8,26,9,3,1,588,1
59,29,21.0,2,68320.56,1696.72,227,46923.19,4.2,16,9,2,3,156,1
59,16,21.0,2,68320.56,1696.72,227,40512.73,4.7,20,0,5,1,37,0
59,13,21.0,2,68320.56,1696.72,227,3262.41,2.6,22,5,4,1,362,1
59,43,21.0,2,68320.56,1696.72,227,18005.64,2.5,8,0,3,1,165,0
60,49,46.0,2,34392.14,2121.55,82,23187.72,4.3,8,4,3,2,544,1
60,40,46.0,2,34392.14,2121.55,82,40747.28,4.0,15,1,4,2,469,1
60,6,46.0,2,34392.14,2121.55,82,29103.79,3.8,20,3,2,4,588,0
60,14,46.0,2,34392.14,2121.55,82,49499.02,3.9,19,1,3,4,511,0
60,32,46.0,2,34392.14,2121.55,82,37081.92,3.4,28,5,1,2,429,1
60,42,46.0,2,34392.14,2121.55,82,26200.96,4.0,25,5,5,4,167,1
60,59,46.0,2,34392.14,2121.55,82,5933.21,5.0,25,3,1,2,414,0
60,39,46.0,2,34392.14,2121.55,82,8296.86,2.9,13,4,5,0,56,1
60,48,46.0,2,34392.14,2121.55,82,18909.53,4.8,7,5,5,3,512,1
60,11,46.0,2,34392.14,2121.55,82,16896.55,3.1,16,9,4,0,241,0
60,45,46.0,2,34392.14,2121.55,82,19683.01,4.8,10,3,3,1,574,0
60,24,46.0,2,34392.14,2121.55,82,46483.5,2.9,19,7,4,1,428,1
61,23,35.0,23,26439.11,1669.77,291,17508.53,4.5,13,5,0,4,444,1
61,34,35.0,23,26439.11,1669.77,291,42107.26,4.8,27,5,5,1,392,1
61,55,35.0,23,26439.11,1669.77,291,19256.17,4.8,23,4,5,4,178,1
61,42,35.0,23,26439.11,1669.77,291,26200.96,4.0,2,3,5,4,546,1
61,49,35.0,23,26439.11,1669.77,291,23187.72,4.3,4,1,4,2,263,0
61,9,35.0,23,26439.11,1669.77,291,26676.21,2.9,21,9,4,0,351,1
61,11,35.0,23,26439.11,1669.77,291,16896.55,3.1,17,8,3,4,540,1
61,21,35.0,23,26439.11,1669.77,291,23631.65,2.8,14,8,5,2,55,1
61,10,35.0,23,26439.11,1669.77,291,2685.99,3.3,14,4,2,3,390,0
61,26,35.0,23,26439.11,1669.77,291,48254.84,4.3,18,2,4,3,123,1
61,22,35.0,23,26439.11,1669.77,291,20650.86,3.5,11,9,2,2,324,0
61,41,35.0,23,26439.11,1669.77,291,33293.34,3.8,15,0,4,1,106,0
62,17,43.0,22,49855.73,2539.58,258,12806.57,3.4,11,0,1,0,500,0
62,46,43.0,22,49855.73,2539.58,258,40848.31,3.9,4,6,1,1,263,0
62,26,43.0,22,49855.73,2539.58,258,48254.84,4.3,8,7,0,1,245,1
62,45,43.0,22,49855.73,2539.58,258,19683.01,4.8,28,8,2,4,448,1
62,11,43.0,22,49855.73,2539.58,258,16896.55,3.1,5,9,3,0,473,1
62,5,43.0,22,49855.73,2539.58,258,14502.66,4.1,23,7,1,4,518,1
62,52,43.0,22,49855.73,2539.58,258,25185.75,4.0,10,5,4,1,511,1
62,7,43.0,22,49855.73,2539.58,258,7802.7,4.7,27,8,2,1,418,1
62,37,43.0,22,49855.73,2539.58,258,10161.2,3.7,17,4,0,2,352,1
62,3,43.0,22,49855.73,2539.58,258,5830.36,2.8,29,0,5,4,541,1
62,57,43.0,22,49855.73,2539.58,258,45332.96,3.6,12,3,3,4,401,1
62,22,43.0,22,49855.73,2539.58,258,20650.86,3.5,11,8,0,1,20,0
63,43,51.0,19,69442.59,645.42,56,18005.64,2.5,20,2,1,2,66,1
63,8,51.0,19,69442.59,645.42,56,24108.89,4.5,24,5,5,4,187,1
63,26,51.0,19,69442.59,645.42,56,48254.84,4.3,26,5,2,0,326,1
63,48,51.0,19,69442.59,645.42,56,18909.53,4.8,13,1,5,0,405,0
63,36,51.0,19,69442.59,645.42,56,39783.84,3.5,8,4,5,1,181,0
63,27,51.0,19,69442.59,645.42,56,6302.43,4.3,22,9,4,3,365,0
63,10,51.0,19,69442.59,645.42,56,2685.99,3.3,8,9,2,1,575,1
63,2,51.0,19,69442.59,645.42,56,12196.25,3.3,23,0,4,1,416,1
63,7,51.0,19,69442.59,645.42,56,7802.7,4.7,23,2,4,3,25,1
63,3,51.0,19,69442.59,645.42,56,5830.36,2.8,6,1,5,4,456,0
63,18,51.0,19,69442.59,645.42,56,34106.99,4.6,27,4,2,2,299,1
63,59,51.0,19,69442.59,645.42,56,5933.21,5.0,23,0,0,4,367,0
64,30,27.0,25,35159.49,1758.94,130,9143.53,3.9,7,0,5,4,276,0
64,29,27.0,25,35159.49,1758.94,130,46923.19,4.2,27,9,3,0,26,1
64,46,27.0,25,35159.49,1758.94,130,40848.31,3.9,28,6,5,3,183,1
64,26,27.0,25,35159.49,1758.94,130,48254.84,4.3,11,9,1,4,36,1
64,42,27.0,25,35159.49,1758.94,130,26200.96,4.0,28,9,1,1,590,1
64,59,27.0,25,35159.49,1758.94,130,5933.21,5.0,21,7,5,2,455,1
64,9,27.0,25,35159.49,1758.94,130,26676.21,2.9,29,1,1,0,245,1
64,39,27.0,25,35159.49,1758.94,130,8296.86,2.9,20,0,3,4,568,0
64,20,27.0,25,35159.49,1758.94,130,29822.37,4.6,17,4,1,0,463,1
64,14,27.0,25,35159.49,1758.94,130,49499.02,3.9,19,7,0,3,102,1
64,19,27.0,25,35159.49,1758.94,130,38035.37,2.8,27,7,0,4,493,1
64,44,27.0,25,35159.49,1758.94,130,43872.31,4.7,5,7,3,2,282,1
65,22,53.0,26,93696.49,2350.43,223,20650.86,3.5,3,2,2,2,177,1
65,43,53.0,26,93696.49,2350.43,223,18005.64,2.5,12,9,2,3,554,1
65,54,53.0,26,93696.49,2350.43,223,44988.77,4.3,4,5,2,2,20,0
65,19,53.0,26,93696.49,2350.43,223,38035.37,2.8,12,8,0,1,268,1
65,40,53.0,26,93696.49,2350.43,223,40747.28,4.0,28,6,2,1,481,1
65,23,53.0,26,93696.49,2350.43,223,17508.53,4.5,6,3,2,3,286,1
65,11,53.0,26,93696.49,2350.43,223,16896.55,3.1,18,5,2,3,414,1
65,21,53.0,26,93696.49,2350.43,223,23631.65,2.8,28,4,4,0,356,1
65,52,53.0,26,93696.49,2350.43,223,25185.75,4.0,28,6,3,4,440,1
65,30,53.0,26,93696.49,2350.43,223,9143.53,3.9,26,3,5,2,548,1
65,33,53.0,26,93696.49,2350.43,223,28766.21,3.0,6,3,4,2,268,1
65,45,53.0,26,93696.49,2350.43,223,19683.01,4.8,24,0,2,2,334,1
66,39,31.0,29,4399.04,3212.52,248,8296.86,2.9,11,0,0,1,189,0
66,9,31.0,29,4399.04,3212.52,248,26676.21,2.9,11,7,0,2,548,1
66,55,31.0,29,4399.04,3212.52,248,19256.17,4.8,27,5,1,4,228,1
66,34,31.0,29,4399.04,3212.52,248,42107.26,4.8,16,5,2,1,431,0
66,23,31.0,29,4399.04,3212.52,248,17508.53,4.5,15,0,2,2,294,0
66,47,31.0,29,4399.04,3212.52,248,22012.83,4.2,5,4,4,3,126,1
66,24,31.0,29,4399.04,3212.52,248,46483.5,2.9,6,3,4,2,146,0
66,33,31.0,29,4399.04,3212.52,248,28766.21,3.0,26,3,0,0,190,0
66,2,31.0,29,4399.04,3212.52,248,12196.25,3.3,19,9,0,1,165,0
66,28,31.0,29,4399.04,3212.52,248,36570.29,4.1,9,5,1,0,34,0
66,31,31.0,29,4399.04,3212.52,248,3418.16,3.1,24,7,3,3,476,1
66,57,31.0,29,4399.04,3212.52,248,45332.96,3.6,2,4,1,3,560,1
67,55,48.0,22,42085.63,1719.31,65,19256.17,4.8,20,0,0,1,550,1
67,14,48.0,22,42085.63,1719.31,65,49499.02,3.9,13,2,1,4,142,1
67,2,48.0,22,42085.63,1719.31,65,12196.25,3.3,2,0,4,0,325,0
67,44,48.0,22,42085.63,1719.31,65,43872.31,4.7,28,9,3,1,398,1
67,59,48.0,22,42085.63,1719.31,65,5933.21,5.0,7,8,0,2,575,1
67,37,48.0,22,42085.63,1719.31,65,10161.2,3.7,13,5,4,3,313,1
67,31,48.0,22,42085.63,1719.31,65,3418.16,3.1,22,5,1,3,22,1
67,29,48.0,22,42085.63,1719.31,65,46923.19,4.2,9,9,1,4,535,1
67,20,48.0,22,42085.63,1719.31,65,29822.37,4.6,4,7,5,2,129,0
67,6,48.0,22,42085.63,1719.31,65,29103.79,3.8,28,9,0,4,298,1
67,58,48.0,22,42085.63,1719.31,65,31249.48,2.8,10,9,4,3,141,1
67,48,48.0,22,42085.63,1719.31,65,18909.53,4.8,4,0,0,2,310,1
68,51,32.0,26,96774.26,1099.33,116,37405.71,3.9,5,1,0,0,454,0
68,30,32.0,26,96774.26,1099.33,116,9143.53,3.9,10,1,0,3,499,0
68,14,32.0,26,96774.26,1099.33,116,49499.02,3.9,15,6,2,4,598,0
68,39,32.0,26,96774.26,1099.33,116,8296.86,2.9,28,1,4,0,578,1
68,12,32.0,26,96774.26,1099.33,116,6807.29,4.4,26,3,4,4,44,1
68,57,32.0,26,96774.26,1099.33,116,45332.96,3.6,1,2,2,0,599,1
68,40,32.0,26,96774.26,1099.33,116,40747.28,4.0,7,2,4,2,173,1
68,25,32.0,26,96774.26,1099.33,116,41547.91,3.1,23,1,3,4,224,1
68,46,32.0,26,96774.26,1099.33,116,40848.31,3.9,26,9,3,2,56,1
68,53,32.0,26,96774.26,1099.33,116,11687.41,3.6,27,1,1,1,526,1
68,19,32.0,26,96774.26,1099.33,116,38035.37,2.8,10,3,5,1,142,0
68,44,32.0,26,96774.26,1099.33,116,43872.31,4.7,26,3,0,3,483,1
69,20,25.0,26,55023.2,842.9,57,29822.37,4.6,5,1,3,2,573,0
69,53,25.0,26,55023.2,842.9,57,11687.41,3.6,26,7,0,4,353,1
69,51,25.0,26,55023.2,842.9,57,37405.71,3.9,23,0,1,0,366,1
69,37,25.0,26,55023.2,842.9,57,10161.2,3.7,6,9,0,3,286,1
69,28,25.0,26,55023.2,842.9,57,36570.29,4.1,19,8,4,4,425,1
69,12,25.0,26,55023.2,842.9,57,6807.29,4.4,14,5,0,2,333,1
69,59,25.0,26,55023.2,842.9,57,5933.21,5.0,19,4,1,1,566,1
69,43,25.0,26,55023.2,842.9,57,18005.64,2.5,3,4,2,4,435,1
69,9,25.0,26,55023.2,842.9,57,26676.21,2.9,18,2,0,1,203,1
69,23,25.0,26,55023.2,842.9,57,17508.53,4.5,24,2,0,4,230,1
69,19,25.0,26,55023.2,842.9,57,38035.37,2.8,23,0,3,1,126,0
69,5,25.0,26,55023.2,842.9,57,14502.66,4.1,15,9,4,3,304,1
70,35,31.0,22,42635.36,4732.39,70,7074.64,4.0,8,3,3,2,504,0
70,11,31.0,22,42635.36,4732.39,70,16896.55,3.1,21,3,3,2,151,1
70,57,31.0,22,42635.36,4732.39,70,45332.96,3.6,14,0,5,1,582,0
70,39,31.0,22,42635.36,4732.39,70,8296.86,2.9,22,8,0,1,187,1
70,31,31.0,22,42635.36,4732.39,70,3418.16,3.1,21,2,3,3,404,0
70,46,31.0,22,42635.36,4732.39,70,40848.31,3.9,13,9,1,4,387,1
70,28,31.0,22,42635.36,4732.39,70,36570.29,4.1,8,8,1,3,84,0
70,5,31.0,22,42635.36,4732.39,70,14502.66,4.1,12,4,5,2,539,0
70,38,31.0,22,42635.36,4732.39,70,8266.43,4.9,11,4,0,2,135,0
70,16,31.0,22,42635.36,4732.39,70,40512.73,4.7,6,3,3,3,226,0
70,25,31.0,22,42635.36,4732.39,70,41547.91,3.1,10,5,5,4,208,0
70,8,31.0,22,42635.36,4732.39,70,24108.89,4.5,18,3,1,2,565,1
71,42,40.0,17,57067.77,2374.88,35,26200.96,4.0,1,8,4,2,330,0
71,3,40.0,17,57067.77,2374.88,35,5830.36,2.8,24,3,1,0,205,0
71,57,40.0,17,57067.77,2374.88,35,45332.96,3.6,3,6,1,4,507,1
71,30,40.0,17,57067.77,2374.88,35,9143.53,3.9,4,7,5,1,593,1
71,23,40.0,17,57067.77,2374.88,35,17508.53,4.5,10,4,3,0,588,1
71,37,40.0,17,57067.77,2374.88,35,10161.2,3.7,10,3,4,1,255,1
71,47,40.0,17,57067.77,2374.88,35,22012.83,4.2,19,3,2,1,451,1
71,54,40.0,17,57067.77,2374.88,35,44988.77,4.3,16,0,1,3,526,1
71,25,40.0,17,57067.77,2374.88,35,41547.91,3.1,21,3,5,4,409,1
71,48,40.0,17,57067.77,2374.88,35,18909.53,4.8,22,2,1,3,510,0
71,36,40.0,17,57067.77,2374.88,35,39783.84,3.5,28,0,4,0,80,1
71,29,40.0,17,57067.77,2374.88,35,46923.19,4.2,26,4,3,4,139,1
72,3,57.0,20,57804.5,3115.23,266,5830.36,2.8,28,8,4,4,173,1
72,36,57.0,20,57804.5,3115.23,266,39783.84,3.5,14,2,3,4,131,0
72,12,57.0,20,57804.5,3115.23,266,6807.29,4.4,6,2,1,0,319,0
72,31,57.0,20,57804.5,3115.23,266,3418.16,3.1,20,7,0,2,258,1
72,9,57.0,20,57804.5,3115.23,266,26676.21,2.9,14,5,3,0,24,1
72,21,57.0,20,57804.5,3115.23,266,23631.65,2.8,13,4,0,0,262,1
72,47,57.0,20,57804.5,3115.23,266,22012.83,4.2,27,2,3,1,10,0
72,29,57.0,20,57804.5,3115.23,266,46923.19,4.2,4,0,0,1,160,1
72,44,57.0,20,57804.5,3115.23,266,43872.31,4.7,23,9,5,0,566,1
72,59,57.0,20,57804.5,3115.23,266,5933.21,5.0,16,0,3,4,289,0
72,38,57.0,20,57804.5,3115.23,266,8266.43,4.9,24,3,4,3,43,1
72,46,57.0,20,57804.5,3115.23,266,40848.31,3.9,2,8,5,1,188,1
73,8,38.0,10,73298.95,4636.29,17,24108.89,4.5,29,7,3,1,46,0
73,36,38.0,10,73298.95,4636.29,17,39783.84,3.5,27,2,5,0,92,0
73,30,38.0,10,73298.95,4636.29,17,9143.53,3.9,16,8,2,3,474,0
73,25,38.0,10,73298.95,4636.29,17,41547.91,3.1,27,1,2,2,129,1
73,12,38.0,10,73298.95,4636.29,17,6807.29,4.4,6,4,4,1,419,0
73,13,38.0,10,73298.95,4636.29,17,3262.41,2.6,7,7,3,1,520,0
73,35,38.0,10,73298.95,4636.29,17,7074.64,4.0,13,6,3,2,415,1
73,43,38.0,10,73298.95,4636.29,17,18005.64,2.5,29,0,2,1,229,0
73,33,38.0,10,73298.95,4636.29,17,28766.21,3.0,5,0,3,4,17,0
73,1,38.0,10,73298.95,4636.29,17,25429.76,4.1,17,0,2,1,337,0
73,14,38.0,10,73298.95,4636.29,17,49499.02,3.9,14,7,4,2,48,1
73,31,38.0,10,73298.95,4636.29,17,3418.16,3.1,4,8,4,3,188,0
74,12,33.0,6,13205.13,872.37,122,6807.29,4.4,14,3,0,1,456,1
74,21,33.0,6,13205.13,872.37,122,23631.65,2.8,17,3,0,1,125,1
74,9,33.0,6,13205.13,872.37,122,26676.21,2.9,8,6,0,3,351,1
74,50,33.0,6,13205.13,872.37,122,15138.76,2.9,23,8,2,2,567,1
74,54,33.0,6,13205.13,872.37,122,44988.77,4.3,19,6,2,0,87,1
74,11,33.0,6,13205.13,872.37,122,16896.55,3.1,17,1,5,2,286,0
74,26,33.0,6,13205.13,872.37,122,48254.84,4.3,27,1,0,2,392,0
74,47,33.0,6,13205.13,872.37,122,22012.83,4.2,24,1,5,0,37,0
74,40,33.0,6,13205.13,872.37,122,40747.28,4.0,18,7,0,3,50,1
74,49,33.0,6,13205.13,872.37,122,23187.72,4.3,4,8,5,3,55,1
74,28,33.0,6,13205.13,872.37,122,36570.29,4.1,24,6,1,4,447,0
74,32,33.0,6,13205.13,872.37,122,37081.92,3.4,5,3,5,3,548,0
75,41,35.0,15,25376.64,4444.98,262,33293.34,3.8,25,8,4,1,377,1
75,51,35.0,15,25376.64,4444.98,262,37405.71,3.9,18,7,3,4,564,1
75,14,35.0,15,25376.64,4444.98,262,49499.02,3.9,21,4,2,2,544,1
75,5,35.0,15,25376.64,4444.98,262,14502.66,4.1,19,2,3,2,371,1
75,54,35.0,15,25376.64,4444.98,262,44988.77,4.3,20,8,2,4,445,0
75,59,35.0,15,25376.64,4444.98,262,5933.21,5.0,6,7,1,4,71,0
75,20,35.0,15,25376.64,4444.98,262,29822.37,4.6,6,4,3,0,550,0
75,44,35.0,15,25376.64,4444.98,262,43872.31,4.7,23,9,2,4,11,1
75,34,35.0,15,25376.64,4444.98,262,42107.26,4.8,27,1,4,0,117,0
75,10,35.0,15,25376.64,4444.98,262,2685.99,3.3,21,4,2,2,236,0
75,60,35.0,15,25376.64,4444.98,262,46997.62,4.6,13,2,4,1,74,1
75,3,35.0,15,25376.64,4444.98,262,5830.36,2.8,7,9,4,3,116,1
76,18,41.0,22,58264.13,2982.15,189,34106.99,4.6,8,4,5,3,319,1
76,53,41.0,22,58264.13,2982.15,189,11687.41,3.6,6,5,1,4,256,0
76,32,41.0,22,58264.13,2982.15,189,37081.92,3.4,28,5,5,2,520,1
76,15,41.0,22,58264.13,2982.15,189,16185.46,4.4,6,9,1,4,599,1
76,8,41.0,22,58264.13,2982.15,189,24108.89,4.5,19,9,3,3,18,0
76,4,41.0,22,58264.13,2982.15,189,30569.94,4.5,16,0,4,2,117,1
76,45,41.0,22,58264.13,2982.15,189,19683.01,4.8,1,6,4,4,58,1
76,14,41.0,22,58264.13,2982.15,189,49499.02,3.9,16,0,5,1,453,0
76,35,41.0,22,58264.13,2982.15,189,7074.64,4.0,26,0,0,3,155,1
76,51,41.0,22,58264.13,2982.15,189,37405.71,3.9,26,7,5,1,120,1
76,46,41.0,22,58264.13,2982.15,189,40848.31,3.9,25,1,5,3,352,0
76,23,41.0,22,58264.13,2982.15,189,17508.53,4.5,6,9,5,0,578,0
77,33,43.0,11,86778.1,1241.75,216,28766.21,3.0,22,8,2,4,24,1
77,41,43.0,11,86778.1,1241.75,216,33293.34,3.8,21,4,4,3,14,1
77,32,43.0,11,86778.1,1241.75,216,37081.92,3.4,21,1,4,3,235,0
77,59,43.0,11,86778.1,1241.75,216,5933.21,5.0,9,8,0,3,513,1
77,18,43.0,11,86778.1,1241.75,216,34106.99,4.6,17,1,2,1,32,1
77,47,43.0,11,86778.1,1241.75,216,22012.83,4.2,11,1,0,3,470,0
77,21,43.0,11,86778.1,1241.75,216,23631.65,2.8,20,3,3,3,566,1
77,57,43.0,11,86778.1,1241.75,216,45332.96,3.6,26,6,3,2,399,1
77,13,43.0,11,86778.1,1241.75,216,3262.41,2.6,6,2,3,1,359,0
77,43,43.0,11,86778.1,1241.75,216,18005.64,2.5,6,3,2,2,526,1
77,23,43.0,11,86778.1,1241.75,216,17508.53,4.5,27,8,5,2,171,1
77,51,43.0,11,86778.1,1241.75,216,37405.71,3.9,24,7,2,1,239,1
78,45,42.0,28,56405.74,2350.65,136,19683.01,4.8,20,8,2,0,444,1
78,20,42.0,28,56405.74,2350.65,136,29822.37,4.6,23,4,5,0,195,0
78,32,42.0,28,56405.74,2350.65,136,37081.92,3.4,12,9,4,1,283,1
78,38,42.0,28,56405.74,2350.65,136,8266.43,4.9,20,0,3,4,12,0
78,4,42.0,28,56405.74,2350.65,136,30569.94,4.5,15,9,1,4,159,1
78,21,42.0,28,56405.74,2350.65,136,23631.65,2.8,27,0,3,2,578,1
78,16,42.0,28,56405.74,2350.65,136,40512.73,4.7,15,8,4,0,576,1
78,43,42.0,28,56405.74,2350.65,136,18005.64,2.5,24,6,0,1,186,1
78,60,42.0,28,56405.74,2350.65,136,46997.62,4.6,9,6,0,0,590,1
78,11,42.0,28,56405.74,2350.65,136,16896.55,3.1,12,5,3,4,37,1
78,26,42.0,28,56405.74,2350.65,136,48254.84,4.3,6,5,3,2,94,1
78,31,42.0,28,56405.74,2350.65,136,3418.16,3.1,18,2,2,3,39,1
79,24,58.0,5,24240.39,3999.21,65,46483.5,2.9,16,5,3,0,437,0
79,26,58.0,5,24240.39,3999.21,65,48254.84,4.3,9,1,0,3,54,0
79,39,58.0,5,24240.39,3999.21,65,8296.86,2.9,12,0,4,2,389,0
79,31,58.0,5,24240.39,3999.21,65,3418.16,3.1,6,3,2,4,428,0
79,22,58.0,5,24240.39,3999.21,65,20650.86,3.5,9,5,4,2,295,1
79,5,58.0,5,24240.39,3999.21,65,14502.66,4.1,2,9,3,4,499,1
79,57,58.0,5,24240.39,3999.21,65,45332.96,3.6,1,1,1,2,360,1
79,44,58.0,5,24240.39,3999.21,65,43872.31,4.7,15,6,4,2,356,0
79,54,58.0,5,24240.39,3999.21,65,44988.77,4.3,5,3,0,3,557,1
79,10,58.0,5,24240.39,3999.21,65,2685.99,3.3,18,8,2,3,87,1
79,25,58.0,5,24240.39,3999.21,65,41547.91,3.1,8,7,3,1,521,0
79,35,58.0,5,24240.39,3999.21,65,7074.64,4.0,22,1,5,4,25,1
80,23,46.0,1,68144.56,2661.67,223,17508.53,4.5,8,6,3,2,93,1
80,4,46.0,1,68144.56,2661.67,223,30569.94,4.5,8,6,5,0,68,1
80,11,46.0,1,68144.56,2661.67,223,16896.55,3.1,8,5,0,0,351,0
80,40,46.0,1,68144.56,2661.67,223,40747.28,4.0,8,0,4,1,265,1
80,37,46.0,1,68144.56,2661.67,223,10161.2,3.7,28,9,1,1,356,1
80,3,46.0,1,68144.56,2661.67,223,5830.36,2.8,7,4,4,3,421,1
80,51,46.0,1,68144.56,2661.67,223,37405.71,3.9,4,9,3,1,396,1
80,53,46.0,1,68144.56,2661.67,223,11687.41,3.6,7,4,2,1,497,0
80,33,46.0,1,68144.56,2661.67,223,28766.21,3.0,7,8,5,1,187,0
80,56,46.0,1,68144.56,2661.67,223,27223.29,4.8,24,8,3,3,91,1
80,39,46.0,1,68144.56,2661.67,223,8296.86,2.9,1,9,4,3,83,1
80,42,46.0,1,68144.56,2661.67,223,26200.96,4.0,24,1,4,3,561,1
81,47,32.0,8,74120.92,4933.79,23,22012.83,4.2,25,5,4,4,213,1
81,59,32.0,8,74120.92,4933.79,23,5933.21,5.0,16,5,4,3,309,1
81,15,32.0,8,74120.92,4933.79,23,16185.46,4.4,2,2,0,2,418,1
81,30,32.0,8,74120.92,4933.79,23,9143.53,3.9,26,8,3,2,30,1
81,2,32.0,8,74120.92,4933.79,23,12196.25,3.3,29,8,4,4,212,1
81,36,32.0,8,74120.92,4933.79,23,39783.84,3.5,10,0,1,3,415,0
81,31,32.0,8,74120.92,4933.79,23,3418.16,3.1,6,9,1,3,252,1
81,55,32.0,8,74120.92,4933.79,23,19256.17,4.8,6,2,1,3,515,0
81,40,32.0,8,74120.92,4933.79,23,40747.28,4.0,3,5,4,2,492,1
81,53,32.0,8,74120.92,4933.79,23,11687.41,3.6,21,7,3,1,525,1
81,58,32.0,8,74120.92,4933.79,23,31249.48,2.8,4,3,1,0,163,0
81,12,32.0,8,74120.92,4933.79,23,6807.29,4.4,4,8,2,4,562,1
82,17,18.0,21,24204.5,2195.33,37,12806.57,3.4,18,2,1,4,87,0
82,12,18.0,21,24204.5,2195.33,37,6807.29,4.4,18,9,1,0,144,1
82,13,18.0,21,24204.5,2195.33,37,3262.41,2.6,10,4,4,2,92,0
82,10,18.0,21,24204.5,2195.33,37,2685.99,3.3,3,5,5,3,502,1
82,25,18.0,21,24204.5,2195.33,37,41547.91,3.1,29,2,3,3,481,1
82,31,18.0,21,24204.5,2195.33,37,3418.16,3.1,19,2,3,0,75,1
82,24,18.0,21,24204.5,2195.33,37,46483.5,2.9,26,1,5,2,255,1
82,23,18.0,21,24204.5,2195.33,37,17508.53,4.5,12,0,0,0,339,0
82,33,18.0,21,24204.5,2195.33,37,28766.21,3.0,19,6,0,2,88,1
82,41,18.0,21,24204.5,2195.33,37,33293.34,3.8,23,3,3,3,495,1
82,28,18.0,21,24204.5,2195.33,37,36570.29,4.1,9,6,4,4,448,1
82,27,18.0,21,24204.5,2195.33,37,6302.43,4.3,14,7,0,1,124,1
83,12,42.0,28,38084.02,3873.1,87,6807.29,4.4,5,9,1,1,237,0
83,34,42.0,28,38084.02,3873.1,87,42107.26,4.8,13,2,4,3,459,1
83,41,42.0,28,38084.02,3873.1,87,33293.34,3.8,26,1,5,3,339,1
83,5,42.0,28,38084.02,3873.1,87,14502.66,4.1,17,5,2,2,429,1
83,43,42.0,28,38084.02,3873.1,87,18005.64,2.5,24,9,5,2,317,1
83,27,42.0,28,38084.02,3873.1,87,6302.43,4.3,14,9,3,0,582,1
83,39,42.0,28,38084.02,3873.1,87,8296.86,2.9,8,7,3,2,195,0
83,25,42.0,28,38084.02,3873.1,87,41547.91,3.1,5,5,4,2,17,0
83,37,42.0,28,38084.02,3873.1,87,10161.2,3.7,4,8,0,2,92,0
83,22,42.0,28,38084.02,3873.1,87,20650.86,3.5,27,2,0,3,346,1
83,24,42.0,28,38084.02,3873.1,87,46483.5,2.9,11,9,2,2,71,1
83,54,42.0,28,38084.02,3873.1,87,44988.77,4.3,25,3,1,4,187,1
84,43,24.0,12,53665.58,2268.45,225,18005.64,2.5,8,4,1,0,360,0
84,46,24.0,12,53665.58,2268.45,225,40848.31,3.9,28,5,4,4,536,1
84,49,24.0,12,53665.58,2268.45,225,23187.72,4.3,25,4,4,1,228,1
84,18,24.0,12,53665.58,2268.45,225,34106.99,4.6,21,3,3,2,227,1
84,57,24.0,12,53665.58,2268.45,225,45332.96,3.6,15,3,1,3,348,1
84,48,24.0,12,53665.58,2268.45,225,18909.53,4.8,13,2,4,0,45,0
84,35,24.0,12,53665.58,2268.45,225,7074.64,4.0,3,1,2,3,32,1
84,11,24.0,12,53665.58,2268.45,225,16896.55,3.1,13,6,0,3,262,1
84,16,24.0,12,53665.58,2268.45,225,40512.73,4.7,15,2,2,3,17,1
84,17,24.0,12,53665.58,2268.45,225,12806.57,3.4,19,3,5,3,417,0
84,30,24.0,12,53665.58,2268.45,225,9143.53,3.9,25,5,2,4,588,1
84,41,24.0,12,53665.58,2268.45,225,33293.34,3.8,28,9,1,0,345,1
85,54,26.0,12,49907.84,4231.24,163,44988.77,4.3,11,1,4,3,185,0
85,35,26.0,12,49907.84,4231.24,163,7074.64,4.0,14,2,1,0,60,0
85,23,26.0,12,49907.84,4231.24,163,17508.53,4.5,26,0,3,1,503,0
85,15,26.0,12,49907.84,4231.24,163,16185.46,4.4,20,5,4,0,248,1
85,8,26.0,12,49907.84,4231.24,163,24108.89,4.5,9,3,4,1,17,1
85,18,26.0,12,49907.84,4231.24,163,34106.99,4.6,19,9,5,0,455,1
85,60,26.0,12,49907.84,4231.24,163,46997.62,4.6,16,3,4,0,207,0
85,27,26.0,12,49907.84,4231.24,163,6302.43,4.3,21,4,1,1,349,0
85,4,26.0,12,49907.84,4231.24,163,30569.94,4.5,5,0,5,1,439,0
85,19,26.0,12,49907.84,4231.24,163,38035.37,2.8,6,7,0,4,421,1
85,50,26.0,12,49907.84,4231.24,163,15138.76,2.9,21,3,1,1,446,0
85,7,26.0,12,49907.84,4231.24,163,7802.7,4.7,13,0,0,4,187,0
86,43,41.0,5,39267.0,3060.87,23,18005.64,2.5,19,7,0,2,501,1
86,2,41.0,5,39267.0,3060.87,23,12196.25,3.3,15,3,3,2,86,1
86,16,41.0,5,39267.0,3060.87,23,40512.73,4.7,22,6,4,1,153,1
86,4,41.0,5,39267.0,3060.87,23,30569.94,4.5,16,6,2,4,384,1
86,44,41.0,5,39267.0,3060.87,23,43872.31,4.7,28,2,5,1,123,1
86,51,41.0,5,39267.0,3060.87,23,37405.71,3.9,20,5,4,1,579,0
86,12,41.0,5,39267.0,3060.87,23,6807.29,4.4,18,1,3,2,574,1
86,56,41.0,5,39267.0,3060.87,23,27223.29,4.8,8,4,2,1,329,1
86,35,41.0,5,39267.0,3060.87,23,7074.64,4.0,9,0,0,0,523,0
86,34,41.0,5,39267.0,3060.87,23,42107.26,4.8,4,1,1,2,201,0
86,7,41.0,5,39267.0,3060.87,23,7802.7,4.7,25,9,0,3,200,1
86,57,41.0,5,39267.0,3060.87,23,45332.96,3.6,23,7,4,1,292,0
87,32,18.0,7,30114.7,785.8,196,37081.92,3.4,27,6,5,1,256,1
87,56,18.0,7,30114.7,785.8,196,27223.29,4.8,4,5,2,2,47,1
87,19,18.0,7,30114.7,785.8,196,38035.37,2.8,16,0,4,0,35,0
87,23,18.0,7,30114.7,785.8,196,17508.53,4.5,16,5,1,1,163,1
87,21,18.0,7,30114.7,785.8,196,23631.65,2.8,20,0,5,2,294,0
87,44,18.0,7,30114.7,785.8,196,43872.31,4.7,18,1,1,2,282,1
87,7,18.0,7,30114.7,785.8,196,7802.7,4.7,22,2,1,4,10,1
87,39,18.0,7,30114.7,785.8,196,8296.86,2.9,4,8,3,1,467,0
87,24,18.0,7,30114.7,785.8,196,46483.5,2.9,29,5,3,1,140,1
87,30,18.0,7,30114.7,785.8,196,9143.53,3.9,29,7,0,1,178,1
87,13,18.0,7,30114.7,785.8,196,3262.41,2.6,4,4,1,4,240,0
87,6,18.0,7,30114.7,785.8,196,29103.79,3.8,7,8,3,1,455,0
88,48,25.0,4,10448.5,665.7,16,18909.53,4.8,23,6,0,4,253,0
88,42,25.0,4,10448.5,665.7,16,26200.96,4.0,4,3,3,3,86,0
88,40,25.0,4,10448.5,665.7,16,40747.28,4.0,20,6,3,0,553,1
88,58,25.0,4,10448.5,665.7,16,31249.48,2.8,26,0,4,4,531,1
88,28,25.0,4,10448.5,665.7,16,36570.29,4.1,16,9,3,2,229,0
88,34,25.0,4,10448.5,665.7,16,42107.26,4.8,15,9,3,4,592,1
88,11,25.0,4,10448.5,665.7,16,16896.55,3.1,13,0,3,3,24,0
88,47,25.0,4,10448.5,665.7,16,22012.83,4.2,11,7,3,2,235,1
88,32,25.0,4,10448.5,665.7,16,37081.92,3.4,10,3,4,1,166,1
88,52,25.0,4,10448.5,665.7,16,25185.75,4.0,18,4,2,1,242,1
88,53,25.0,4,10448.5,665.7,16,11687.41,3.6,29,2,0,1,599,0
88,30,25.0,4,10448.5,665.7,16,9143.53,3.9,21,0,0,2,381,1
89,5,41.0,6,5821.79,1102.33,12,14502.66,4.1,26,0,3,1,217,1
89,25,41.0,6,5821.79,1102.33,12,41547.91,3.1,4,5,1,0,112,0
89,14,41.0,6,5821.79,1102.33,12,49499.02,3.9,7,8,4,3,576,1
89,56,41.0,6,5821.79,1102.33,12,27223.29,4.8,5,1,4,3,81,0
89,53,41.0,6,5821.79,1102.33,12,11687.41,3.6,21,8,0,2,230,0
89,21,41.0,6,5821.79,1102.33,12,23631.65,2.8,22,5,3,2,51,1
89,9,41.0,6,5821.79,1102.33,12,26676.21,2.9,12,6,4,1,218,1
89,28,41.0,6,5821.79,1102.33,12,36570.29,4.1,7,2,5,2,422,0
89,42,41.0,6,5821.79,1102.33,12,26200.96,4.0,20,5,5,2,165,1
89,35,41.0,6,5821.79,1102.33,12,7074.64,4.0,26,6,4,2,251,1
89,4,41.0,6,5821.79,1102.33,12,30569.94,4.5,20,3,2,4,374,1
89,20,41.0,6,5821.79,1102.33,12,29822.37,4.6,15,0,4,3,525,1
90,12,28.0,13,95874.88,561.52,120,6807.29,4.4,12,8,5,3,566,0
90,59,28.0,13,95874.88,561.52,120,5933.21,5.0,1,7,5,2,83,1
90,51,28.0,13,95874.88,561.52,120,37405.71,3.9,7,9,3,0,123,0
90,11,28.0,13,95874.88,561.52,120,16896.55,3.1,10,2,5,4,88,0
90,17,28.0,13,95874.88,561.52,120,12806.57,3.4,29,3,4,1,294,0
90,45,28.0,13,95874.88,561.52,120,19683.01,4.8,10,4,0,3,245,1
90,48,28.0,13,95874.88,561.52,120,18909.53,4.8,28,9,0,4,389,1
90,54,28.0,13,95874.88,561.52,120,44988.77,4.3,19,3,3,0,518,1
90,57,28.0,13,95874.88,561.52,120,45332.96,3.6,13,8,2,0,194,0
90,26,28.0,13,95874.88,561.52,120,48254.84,4.3,18,1,5,2,346,1
90,23,28.0,13,95874.88,561.52,120,17508.53,4.5,8,8,4,1,427,1
90,20,28.0,13,95874.88,561.52,120,29822.37,4.6,9,3,4,4,367,1
91,52,34.0,20,84790.74,839.12,247,25185.75,4.0,29,2,3,1,189,1
91,43,34.0,20,84790.74,839.12,247,18005.64,2.5,21,4,2,2,271,1
91,8,34.0,20,84790.74,839.12,247,24108.89,4.5,7,3,4,4,478,0
91,42,34.0,20,84790.74,839.12,247,26200.96,4.0,19,3,4,1,125,0
91,6,34.0,20,84790.74,839.12,247,29103.79,3.8,24,2,0,0,266,0
91,34,34.0,20,84790.74,839.12,247,42107.26,4.8,21,5,1,0,205,1
91,5,34.0,20,84790.74,839.12,247,14502.66,4.1,4,4,0,0,464,1
91,32,34.0,20,84790.74,839.12,247,37081.92,3.4,16,1,5,1,402,0
91,54,34.0,20,84790.74,839.12,247,44988.77,4.3,23,5,2,4,180,1
91,36,34.0,20,84790.74,839.12,247,39783.84,3.5,7,8,2,0,283,1
91,50,34.0,20,84790.74,839.12,247,15138.76,2.9,15,0,2,4,307,0
91,60,34.0,20,84790.74,839.12,247,46997.62,4.6,16,2,1,4,185,1
92,21,25.0,15,35813.07,3612.71,248,23631.65,2.8,4,6,4,4,174,1
92,35,25.0,15,35813.07,3612.71,248,7074.64,4.0,8,6,5,1,551,0
92,10,25.0,15,35813.07,3612.71,248,2685.99,3.3,10,1,5,1,528,1
92,45,25.0,15,35813.07,3612.71,248,19683.01,4.8,14,1,4,0,83,0
92,18,25.0,15,35813.07,3612.71,248,34106.99,4.6,6,8,2,3,24,0
92,57,25.0,15,35813.07,3612.71,248,45332.96,3.6,25,7,4,1,472,1
92,5,25.0,15,35813.07,3612.71,248,14502.66,4.1,24,7,5,3,79,1
92,1,25.0,15,35813.07,3612.71,248,25429.76,4.1,25,0,0,1,553,1
92,16,25.0,15,35813.07,3612.71,248,40512.73,4.7,24,7,2,3,288,1
92,34,25.0,15,35813.07,3612.71,248,42107.26,4.8,21,9,3,2,579,1
92,42,25.0,15,35813.07,3612.71,248,26200.96,4.0,25,6,3,2,408,1
92,27,25.0,15,35813.07,3612.71,248,6302.43,4.3,2,0,3,1,178,0
93,50,52.0,3,95701.69,2904.56,283,15138.76,2.9,23,1,5,4,96,1
93,41,52.0,3,95701.69,2904.56,283,33293.34,3.8,4,9,0,1,44,1
93,6,52.0,3,95701.69,2904.56,283,29103.79,3.8,24,7,4,2,334,1
93,16,52.0,3,95701.69,2904.56,283,40512.73,4.7,10,9,5,1,297,1
93,30,52.0,3,95701.69,2904.56,283,9143.53,3.9,29,4,5,3,112,1
93,55,52.0,3,95701.69,2904.56,283,19256.17,4.8,27,7,4,1,313,1
93,37,52.0,3,95701.69,2904.56,283,10161.2,3.7,16,2,4,1,524,0
93,43,52.0,3,95701.69,2904.56,283,18005.64,2.5,5,9,3,4,361,1
93,2,52.0,3,95701.69,2904.56,283,12196.25,3.3,12,4,4,2,42,1
93,32,52.0,3,95701.69,2904.56,283,37081.92,3.4,21,7,3,3,249,1
93,29,52.0,3,95701.69,2904.56,283,46923.19,4.2,21,9,0,0,459,0
93,40,52.0,3,95701.69,2904.56,283,40747.28,4.0,25,3,2,2,154,0
94,37,52.0,23,67838.61,3874.6,236,10161.2,3.7,11,8,2,4,515,0
94,14,52.0,23,67838.61,3874.6,236,49499.02,3.9,6,7,1,4,358,1
94,19,52.0,23,67838.61,3874.6,236,38035.37,2.8,6,2,5,3,75,0
94,12,52.0,23,67838.61,3874.6,236,6807.29,4.4,11,5,2,1,168,0
94,45,52.0,23,67838.61,3874.6,236,19683.01,4.8,24,0,3,4,164,1
94,35,52.0,23,67838.61,3874.6,236,7074.64,4.0,27,2,5,1,299,1
94,17,52.0,23,67838.61,3874.6,236,12806.57,3.4,7,2,5,2,493,0
94,51,52.0,23,67838.61,3874.6,236,37405.71,3.9,3,8,1,4,147,0
94,30,52.0,23,67838.61,3874.6,236,9143.53,3.9,14,6,5,2,453,1
94,46,52.0,23,67838.61,3874.6,236,40848.31,3.9,26,5,5,1,462,1
94,47,52.0,23,67838.61,3874.6,236,22012.83,4.2,3,8,2,2,378,1
94,39,52.0,23,67838.61,3874.6,236,8296.86,2.9,12,2,1,0,444,0
95,53,50.0,8,48510.83,4609.25,24,11687.41,3.6,24,7,2,1,132,0
95,27,50.0,8,48510.83,4609.25,24,6302.43,4.3,11,5,4,0,475,0
95,59,50.0,8,48510.83,4609.25,24,5933.21,5.0,11,4,2,4,65,0
95,29,50.0,8,48510.83,4609.25,24,46923.19,4.2,22,3,0,1,587,1
95,31,50.0,8,48510.83,4609.25,24,3418.16,3.1,27,5,2,2,165,1
95,39,50.0,8,48510.83,4609.25,24,8296.86,2.9,1,1,2,0,403,0
95,49,50.0,8,48510.83,4609.25,24,23187.72,4.3,26,4,4,0,140,1
95,37,50.0,8,48510.83,4609.25,24,10161.2,3.7,26,0,0,0,169,0
95,16,50.0,8,48510.83,4609.25,24,40512.73,4.7,8,4,5,2,529,1
95,47,50.0,8,48510.83,4609.25,24,22012.83,4.2,15,1,1,1,531,0
95,30,50.0,8,48510.83,4609.25,24,9143.53,3.9,1,6,2,3,70,1
95,51,50.0,8,48510.83,4609.25,24,37405.71,3.9,16,5,4,3,443,1
96,18,22.0,20,49556.05,3133.17,201,34106.99,4.6,26,9,0,0,47,1
96,25,22.0,20,49556.05,3133.17,201,41547.91,3.1,25,5,1,0,193,0
96,20,22.0,20,49556.05,3133.17,201,29822.37,4.6,16,7,3,0,354,1
96,36,22.0,20,49556.05,3133.17,201,39783.84,3.5,12,8,2,3,447,1
96,15,22.0,20,49556.05,3133.17,201,16185.46,4.4,11,3,5,4,538,0
96,40,22.0,20,49556.05,3133.17,201,40747.28,4.0,4,9,3,0,525,0
96,54,22.0,20,49556.05,3133.17,201,44988.77,4.3,24,5,0,0,241,0
96,16,22.0,20,49556.05,3133.17,201,40512.73,4.7,3,0,0,4,233,0
96,14,22.0,20,49556.05,3133.17,201,49499.02,3.9,22,5,5,3,224,1
96,10,22.0,20,49556.05,3133.17,201,2685.99,3.3,25,0,4,1,236,1
96,46,22.0,20,49556.05,3133.17,201,40848.31,3.9,20,0,0,1,312,0
96,35,22.0,20,49556.05,3133.17,201,7074.64,4.0,8,5,5,1,402,0
97,59,59.0,16,8786.8,3767.54,128,5933.21,5.0,3,6,4,1,14,0
97,1,59.0,16,8786.8,3767.54,128,25429.76,4.1,18,8,4,1,287,1
97,38,59.0,16,8786.8,3767.54,128,8266.43,4.9,8,3,5,2,352,0
97,21,59.0,16,8786.8,3767.54,128,23631.65,2.8,21,6,0,3,184,0
97,13,59.0,16,8786.8,3767.54,128,3262.41,2.6,12,0,2,3,10,0
97,45,59.0,16,8786.8,3767.54,128,19683.01,4.8,7,1,2,4,33,0
97,51,59.0,16,8786.8,3767.54,128,37405.71,3.9,19,0,0,2,123,1
97,44,59.0,16,8786.8,3767.54,128,43872.31,4.7,27,4,0,3,251,1
97,54,59.0,16,8786.8,3767.54,128,44988.77,4.3,1,2,5,0,51,1
97,20,59.0,16,8786.8,3767.54,128,29822.37,4.6,20,1,2,1,521,0
97,8,59.0,16,8786.8,3767.54,128,24108.89,4.5,11,8,3,3,136,1
97,37,59.0,16,8786.8,3767.54,128,10161.2,3.7,28,1,0,0,502,1
98,40,56.0,13,9624.56,3906.87,37,40747.28,4.0,10,4,2,2,48,0
98,22,56.0,13,9624.56,3906.87,37,20650.86,3.5,12,2,3,3,135,0
98,32,56.0,13,9624.56,3906.87,37,37081.92,3.4,18,0,2,2,43,0
98,18,56.0,13,9624.56,3906.87,37,34106.99,4.6,17,1,4,4,66,0
98,55,56.0,13,9624.56,3906.87,37,19256.17,4.8,5,8,4,2,303,0
98,38,56.0,13,9624.56,3906.87,37,8266.43,4.9,5,0,1,2,97,0
98,13,56.0,13,9624.56,3906.87,37,3262.41,2.6,21,3,4,1,440,1
98,60,56.0,13,9624.56,3906.87,37,46997.62,4.6,15,7,1,4,75,1
98,47,56.0,13,9624.56,3906.87,37,22012.83,4.2,4,6,4,0,424,1
98,46,56.0,13,9624.56,3906.87,37,40848.31,3.9,26,0,3,4,449,1
98,3,56.0,13,9624.56,3906.87,37,5830.36,2.8,2,3,5,3,198,0
98,30,56.0,13,9624.56,3906.87,37,9143.53,3.9,27,3,3,0,152,0
99,11,58.0,18,60442.87,2200.33,211,16896.55,3.1,25,4,5,3,436,1
99,14,58.0,18,60442.87,2200.33,211,49499.02,3.9,7,4,1,2,444,1
99,34,58.0,18,60442.87,2200.33,211,42107.26,4.8,19,4,0,2,190,1
99,21,58.0,18,60442.87,2200.33,211,23631.65,2.8,11,6,4,1,94,1
99,39,58.0,18,60442.87,2200.33,211,8296.86,2.9,4,0,5,4,120,0
99,56,58.0,18,60442.87,2200.33,211,27223.29,4.8,27,4,3,4,128,1
99,44,58.0,18,60442.87,2200.33,211,43872.31,4.7,15,6,0,3,462,1
99,50,58.0,18,60442.87,2200.33,211,15138.76,2.9,10,3,4,4,254,1
99,49,58.0,18,60442.87,2200.33,211,23187.72,4.3,13,3,3,4,192,1
99,38,58.0,18,60442.87,2200.33,211,8266.43,4.9,22,5,3,1,302,0
99,17,58.0,18,60442.87,2200.33,211,12806.57,3.4,5,8,4,3,414,1
99,41,58.0,18,60442.87,2200.33,211,33293.34,3.8,29,3,1,1,404,1
100,44,45.0,28,55593.45,1584.88,48,43872.31,4.7,3,5,3,3,51,1
100,7,45.0,28,55593.45,1584.88,48,7802.7,4.7,19,0,0,0,151,1
100,18,45.0,28,55593.45,1584.88,48,34106.99,4.6,27,2,5,0,517,0
100,6,45.0,28,55593.45,1584.88,48,29103.79,3.8,29,7,5,0,30,1
100,4,45.0,28,55593.45,1584.88,48,30569.94,4.5,9,5,1,0,193,0
100,52,45.0,28,55593.45,1584.88,48,25185.75,4.0,10,3,5,0,159,1
100,12,45.0,28,55593.45,1584.88,48,6807.29,4.4,9,4,5,2,81,1
100,25,45.0,28,55593.45,1584.88,48,41547.91,3.1,13,3,3,2,302,1
100,2,45.0,28,55593.45,1584.88,48,12196.25,3.3,25,7,4,0,338,1
100,10,45.0,28,55593.45,1584.88,48,2685.99,3.3,2,3,4,0,86,0
100,17,45.0,28,55593.45,1584.88,48,12806.57,3.4,24,1,1,4,457,0
100,47,45.0,28,55593.45,1584.88,48,22012.83,4.2,26,8,4,0,317,1
101,5,24.0,10,21666.43,1422.7,282,14502.66,4.1,13,3,1,3,380,0
101,37,24.0,10,21666.43,1422.7,282,10161.2,3.7,16,9,0,1,263,1
101,9,24.0,10,21666.43,1422.7,282,26676.21,2.9,11,1,2,2,580,0
101,30,24.0,10,21666.43,1422.7,282,9143.53,3.9,6,6,1,4,371,0
101,60,24.0,10,21666.43,1422.7,282,46997.62,4.6,27,2,4,0,501,0
101,56,24.0,10,21666.43,1422.7,282,27223.29,4.8,26,8,4,0,78,0
101,1,24.0,10,21666.43,1422.7,282,25429.76,4.1,16,8,0,2,331,1
101,49,24.0,10,21666.43,1422.7,282,23187.72,4.3,24,2,1,0,331,0
101,54,24.0,10,21666.43,1422.7,282,44988.77,4.3,2,7,4,2,244,1
101,42,24.0,10,21666.43,1422.7,282,26200.96,4.0,7,5,5,4,298,1
101,57,24.0,10,21666.43,1422.7,282,45332.96,3.6,17,9,5,3,344,1
101,27,24.0,10,21666.43,1422.7,282,6302.43,4.3,15,0,3,2,334,0
102,44,26.0,19,94646.36,1631.49,240,43872.31,4.7,1,2,5,0,406,0
102,43,26.0,19,94646.36,1631.49,240,18005.64,2.5,7,3,2,1,106,0
102,38,26.0,19,94646.36,1631.49,240,8266.43,4.9,13,4,1,2,225,0
102,33,26.0,19,94646.36,1631.49,240,28766.21,3.0,27,5,2,4,566,1
102,55,26.0,19,94646.36,1631.49,240,19256.17,4.8,4,0,4,4,204,0
102,9,26.0,19,94646.36,1631.49,240,26676.21,2.9,5,3,0,2,403,0
102,16,26.0,19,94646.36,1631.49,240,40512.73,4.7,23,0,5,3,562,0
102,28,26.0,19,94646.36,1631.49,240,36570.29,4.1,14,9,5,1,573,1
102,6,26.0,19,94646.36,1631.49,240,29103.79,3.8,26,6,3,4,476,1
102,13,26.0,19,94646.36,1631.49,240,3262.41,2.6,12,3,2,3,215,1
102,2,26.0,19,94646.36,1631.49,240,12196.25,3.3,19,9,0,2,594,0
102,49,26.0,19,94646.36,1631.49,240,23187.72,4.3,19,7,0,4,168,1
103,5,25.0,17,78238.96,1736.29,95,14502.66,4.1,19,0,2,0,467,0
103,35,25.0,17,78238.96,1736.29,95,7074.64,4.0,28,5,3,2,507,1
103,51,25.0,17,78238.96,1736.29,95,37405.71,3.9,1,2,3,1,30,1
103,58,25.0,17,78238.96,1736.29,95,31249.48,2.8,23,9,0,3,398,0
103,13,25.0,17,78238.96,1736.29,95,3262.41,2.6,10,8,1,3,377,0
103,57,25.0,17,78238.96,1736.29,95,45332.96,3.6,10,9,0,1,492,0
103,10,25.0,17,78238.96,1736.29,95,2685.99,3.3,19,5,5,4,511,1
103,20,25.0,17,78238.96,1736.29,95,29822.37,4.6,21,1,5,3,567,1
103,19,25.0,17,78238.96,1736.29,95,38035.37,2.8,20,3,0,0,183,1
103,41,25.0,17,78238.96,1736.29,95,33293.34,3.8,28,1,2,3,351,1
103,55,25.0,17,78238.96,1736.29,95,19256.17,4.8,5,5,3,1,390,0
103,42,25.0,17,78238.96,1736.29,95,26200.96,4.0,25,8,0,3,24,1
104,5,29.0,24,11789.73,1432.52,135,14502.66,4.1,15,3,3,2,23,1
104,55,29.0,24,11789.73,1432.52,135,19256.17,4.8,14,2,0,3,266,1
104,10,29.0,24,11789.73,1432.52,135,2685.99,3.3,24,9,3,3,598,1
104,35,29.0,24,11789.73,1432.52,135,7074.64,4.0,9,6,1,2,125,0
104,11,29.0,24,11789.73,1432.52,135,16896.55,3.1,24,9,5,1,287,0
104,27,29.0,24,11789.73,1432.52,135,6302.43,4.3,11,8,1,0,152,1
104,24,29.0,24,11789.73,1432.52,135,46483.5,2.9,3,3,5,4,245,0
104,12,29.0,24,11789.73,1432.52,135,6807.29,4.4,25,2,5,3,201,1
104,19,29.0,24,11789.73,1432.52,135,38035.37,2.8,10,1,2,3,565,0
104,28,29.0,24,11789.73,1432.52,135,36570.29,4.1,26,1,0,1,138,0
104,57,29.0,24,11789.73,1432.52,135,45332.96,3.6,7,0,0,0,364,0
104,49,29.0,24,11789.73,1432.52,135,23187.72,4.3,20,1,0,3,96,1
105,55,51.0,19,93127.45,4451.99,34,19256.17,4.8,20,2,4,4,11,1
105,29,51.0,19,93127.45,4451.99,34,46923.19,4.2,8,7,4,2,589,1
105,20,51.0,19,93127.45,4451.99,34,29822.37,4.6,20,5,4,0,553,1
105,60,51.0,19,93127.45,4451.99,34,46997.62,4.6,1,5,2,2,208,0
105,54,51.0,19,93127.45,4451.99,34,44988.77,4.3,17,0,5,4,515,1
105,37,51.0,19,93127.45,4451.99,34,10161.2,3.7,24,0,1,4,210,1
105,56,51.0,19,93127.45,4451.99,34,27223.29,4.8,10,7,2,1,364,1
105,44,51.0,19,93127.45,4451.99,34,43872.31,4.7,9,0,5,3,155,0
105,28,51.0,19,93127.45,4451.99,34,36570.29,4.1,12,6,4,1,81,1
105,16,51.0,19,93127.45,4451.99,34,40512.73,4.7,2,4,0,3,463,0
105,23,51.0,19,93127.45,4451.99,34,17508.53,4.5,19,7,4,0,143,1
105,7,51.0,19,93127.45,4451.99,34,7802.7,4.7,27,3,5,1,521,1
106,47,50.0,28,97437.7,3906.5,154,22012.83,4.2,14,8,5,3,134,1
106,41,50.0,28,97437.7,3906.5,154,33293.34,3.8,25,3,1,0,302,0
106,58,50.0,28,97437.7,3906.5,154,31249.48,2.8,29,0,3,0,227,0
106,52,50.0,28,97437.7,3906.5,154,25185.75,4.0,19,3,5,2,576,0
106,46,50.0,28,97437.7,3906.5,154,40848.31,3.9,20,9,2,0,50,1
106,32,50.0,28,97437.7,3906.5,154,37081.92,3.4,10,5,1,1,527,0
106,21,50.0,28,97437.7,3906.5,154,23631.65,2.8,17,4,1,1,165,1
106,16,50.0,28,97437.7,3906.5,154,40512.73,4.7,1,3,2,1,405,0
106,43,50.0,28,97437.7,3906.5,154,18005.64,2.5,20,5,4,1,551,1
106,20,50.0,28,97437.7,3906.5,154,29822.37,4.6,10,1,0,0,422,0
106,59,50.0,28,97437.7,3906.5,154,5933.21,5.0,12,0,0,4,311,0
106,8,50.0,28,97437.7,3906.5,154,24108.89,4.5,17,1,4,2,240,1
107,21,40.0,26,99595.16,711.03,22,23631.65,2.8,8,7,2,0,427,0
107,59,40.0,26,99595.16,711.03,22,5933.21,5.0,8,2,1,1,498,0
107,1,40.0,26,99595.16,711.03,22,25429.76,4.1,17,6,1,4,531,1
107,37,40.0,26,99595.16,711.03,22,10161.2,3.7,24,5,5,0,121,1
107,55,40.0,26,99595.16,711.03,22,19256.17,4.8,14,3,3,1,230,0
107,36,40.0,26,99595.16,711.03,22,39783.84,3.5,4,4,4,3,222,1
107,58,40.0,26,99595.16,711.03,22,31249.48,2.8,4,0,5,1,252,0
107,2,40.0,26,99595.16,711.03,22,12196.25,3.3,23,8,4,1,563,1
107,51,40.0,26,99595.16,711.03,22,37405.71,3.9,25,9,4,1,237,1
107,5,40.0,26,99595.16,711.03,22,14502.66,4.1,6,2,2,0,108,0
107,20,40.0,26,99595.16,711.03,22,29822.37,4.6,22,7,4,2,497,1
107,6,40.0,26,99595.16,711.03,22,29103.79,3.8,1,9,4,4,527,1
108,42,41.0,23,6059.18,1709.03,221,26200.96,4.0,6,4,0,1,27,1
108,37,41.0,23,6059.18,1709.03,221,10161.2,3.7,10,5,2,3,26,1
108,51,41.0,23,6059.18,1709.03,221,37405.71,3.9,20,9,2,4,459,1
108,28,41.0,23,6059.18,1709.03,221,36570.29,4.1,23,6,5,0,149,1
108,43,41.0,23,6059.18,1709.03,221,18005.64,2.5,19,8,1,0,59,1
108,58,41.0,23,6059.18,1709.03,221,31249.48,2.8,9,9,3,3,397,1
108,1,41.0,23,6059.18,1709.03,221,25429.76,4.1,1,9,3,0,107,0
108,12,41.0,23,6059.18,1709.03,221,6807.29,4.4,7,5,3,2,478,1
108,55,41.0,23,6059.18,1709.03,221,19256.17,4.8,4,4,0,0,318,1
108,23,41.0,23,6059.18,1709.03,221,17508.53,4.5,2,8,4,2,132,1
108,21,41.0,23,6059.18,1709.03,221,23631.65,2.8,9,2,4,4,75,1
108,10,41.0,23,6059.18,1709.03,221,2685.99,3.3,27,1,4,1,245,0
109,34,54.0,26,73835.04,599.83,34,42107.26,4.8,15,7,0,1,235,1
109,28,54.0,26,73835.04,599.83,34,36570.29,4.1,4,8,1,3,183,1
109,2,54.0,26,73835.04,599.83,34,12196.25,3.3,28,8,1,0,126,1
109,16,54.0,26,73835.04,599.83,34,40512.73,4.7,4,1,5,1,76,1
109,19,54.0,26,73835.04,599.83,34,38035.37,2.8,16,2,1,2,185,1
109,37,54.0,26,73835.04,599.83,34,10161.2,3.7,14,2,5,2,338,0
109,43,54.0,26,73835.04,599.83,34,18005.64,2.5,5,1,0,4,528,1
109,3,54.0,26,73835.04,599.83,34,5830.36,2.8,25,0,3,1,542,0
109,26,54.0,26,73835.04,599.83,34,48254.84,4.3,3,1,0,2,333,0
109,20,54.0,26,73835.04,599.83,34,29822.37,4.6,14,1,1,2,69,0
109,1,54.0,26,73835.04,599.83,34,25429.76,4.1,12,5,1,3,540,1
109,4,54.0,26,73835.04,599.83,34,30569.94,4.5,20,4,5,0,107,0
110,56,52.0,5,54818.62,2741.74,77,27223.29,4.8,27,6,4,3,165,1
110,54,52.0,5,54818.62,2741.74,77,44988.77,4.3,20,8,4,4,373,1
110,24,52.0,5,54818.62,2741.74,77,46483.5,2.9,7,0,1,3,175,1
110,42,52.0,5,54818.62,2741.74,77,26200.96,4.0,26,2,2,2,596,1
110,50,52.0,5,54818.62,2741.74,77,15138.76,2.9,28,7,2,1,367,1
110,23,52.0,5,54818.62,2741.74,77,17508.53,4.5,24,1,3,1,87,1
110,57,52.0,5,54818.62,2741.74,77,45332.96,3.6,1,3,1,0,484,0
110,14,52.0,5,54818.62,2741.74,77,49499.02,3.9,12,2,5,3,202,1
110,34,52.0,5,54818.62,2741.74,77,42107.26,4.8,22,5,2,2,141,1
110,8,52.0,5,54818.62,2741.74,77,24108.89,4.5,10,2,4,0,401,0
110,47,52.0,5,54818.62,2741.74,77,22012.83,4.2,17,2,0,4,296,0
110,60,52.0,5,54818.62,2741.74,77,46997.62,4.6,2,2,0,2,193,1
111,47,57.0,26,70730.23,2642.95,76,22012.83,4.2,16,8,3,4,288,1
111,25,57.0,26,70730.23,2642.95,76,41547.91,3.1,11,6,0,4,333,0
111,46,57.0,26,70730.23,2642.95,76,40848.31,3.9,10,9,2,3,491,1
111,35,57.0,26,70730.23,2642.95,76,7074.64,4.0,9,4,4,0,507,1
111,23,57.0,26,70730.23,2642.95,76,17508.53,4.5,14,9,1,3,502,1
111,17,57.0,26,70730.23,2642.95,76,12806.57,3.4,19,9,1,2,90,0
111,19,57.0,26,70730.23,2642.95,76,38035.37,2.8,19,6,1,4,571,1
111,1,57.0,26,70730.23,2642.95,76,25429.76,4.1,24,7,4,1,472,1
111,18,57.0,26,70730.23,2642.95,76,34106.99,4.6,28,0,5,1,491,1
111,34,57.0,26,70730.23,2642.95,76,42107.26,4.8,6,0,4,4,344,1
111,14,57.0,26,70730.23,2642.95,76,49499.02,3.9,11,4,3,0,564,0
111,54,57.0,26,70730.23,2642.95,76,44988.77,4.3,8,1,5,0,167,0
112,29,39.0,21,96880.87,4241.17,242,46923.19,4.2,18,0,2,1,176,1
112,20,39.0,21,96880.87,4241.17,242,29822.37,4.6,1,6,4,0,235,0
112,33,39.0,21,96880.87,4241.17,242,28766.21,3.0,24,9,5,4,305,1
112,55,39.0,21,96880.87,4241.17,242,19256.17,4.8,12,6,4,4,13,0
112,53,39.0,21,96880.87,4241.17,242,11687.41,3.6,3,0,2,2,26,0
112,22,39.0,21,96880.87,4241.17,242,20650.86,3.5,20,2,0,1,492,0
112,49,39.0,21,96880.87,4241.17,242,23187.72,4.3,24,5,1,1,439,1
112,3,39.0,21,96880.87,4241.17,242,5830.36,2.8,1,0,0,4,420,1
112,19,39.0,21,96880.87,4241.17,242,38035.37,2.8,27,0,1,3,477,0
112,57,39.0,21,96880.87,4241.17,242,45332.96,3.6,23,1,3,3,383,0
112,26,39.0,21,96880.87,4241.17,242,48254.84,4.3,2,1,2,4,546,0
112,50,39.0,21,96880.87,4241.17,242,15138.76,2.9,15,8,1,4,574,1
113,6,44.0,23,68958.99,1885.0,118,29103.79,3.8,25,4,2,0,177,0
113,25,44.0,23,68958.99,1885.0,118,41547.91,3.1,4,2,2,4,230,0
113,49,44.0,23,68958.99,1885.0,118,23187.72,4.3,24,6,4,4,515,1
113,11,44.0,23,68958.99,1885.0,118,16896.55,3.1,12,5,4,0,47,1
113,27,44.0,23,68958.99,1885.0,118,6302.43,4.3,13,4,3,0,20,1
113,35,44.0,23,68958.99,1885.0,118,7074.64,4.0,8,5,2,3,565,1
113,44,44.0,23,68958.99,1885.0,118,43872.31,4.7,23,7,4,1,121,1
113,22,44.0,23,68958.99,1885.0,118,20650.86,3.5,6,8,1,3,87,1
113,58,44.0,23,68958.99,1885.0,118,31249.48,2.8,29,0,5,2,34,0
113,5,44.0,23,68958.99,1885.0,118,14502.66,4.1,2,0,2,2,121,0
113,13,44.0,23,68958.99,1885.0,118,3262.41,2.6,18,8,3,4,571,1
113,24,44.0,23,68958.99,1885.0,118,46483.5,2.9,29,9,2,1,265,1
114,46,52.0,9,83777.91,4173.74,155,40848.31,3.9,19,0,4,4,426,0
114,24,52.0,9,83777.91,4173.74,155,46483.5,2.9,19,4,0,4,51,1
114,3,52.0,9,83777.91,4173.74,155,5830.36,2.8,11,0,3,0,99,0
114,12,52.0,9,83777.91,4173.74,155,6807.29,4.4,12,0,1,3,408,1
114,44,52.0,9,83777.91,4173.74,155,43872.31,4.7,27,4,4,1,229,0
114,29,52.0,9,83777.91,4173.74,155,46923.19,4.2,22,1,3,1,242,0
114,40,52.0,9,83777.91,4173.74,155,40747.28,4.0,10,5,0,4,372,0
114,39,52.0,9,83777.91,4173.74,155,8296.86,2.9,10,2,4,1,144,0
114,47,52.0,9,83777.91,4173.74,155,22012.83,4.2,15,7,5,0,390,1
114,51,52.0,9,83777.91,4173.74,155,37405.71,3.9,21,5,2,3,510,0
114,58,52.0,9,83777.91,4173.74,155,31249.48,2.8,4,4,1,1,354,0
114,33,52.0,9,83777.91,4173.74,155,28766.21,3.0,12,5,1,2,204,1
115,8,18.0,12,86753.44,4855.88,120,24108.89,4.5,5,0,0,1,38,0
115,44,18.0,12,86753.44,4855.88,120,43872.31,4.7,22,8,5,2,525,1
115,37,18.0,12,86753.44,4855.88,120,10161.2,3.7,20,0,4,0,310,0
115,32,18.0,12,86753.44,4855.88,120,37081.92,3.4,7,5,4,4,135,1
115,22,18.0,12,86753.44,4855.88,120,20650.86,3.5,24,1,5,1,69,1
115,16,18.0,12,86753.44,4855.88,120,40512.73,4.7,20,6,4,2,507,0
115,4,18.0,12,86753.44,4855.88,120,30569.94,4.5,9,6,0,4,139,1
115,51,18.0,12,86753.44,4855.88,120,37405.71,3.9,24,1,0,3,509,1
115,25,18.0,12,86753.44,4855.88,120,41547.91,3.1,20,2,1,3,39,1
115,34,18.0,12,86753.44,4855.88,120,42107.26,4.8,24,7,2,1,598,1
115,15,18.0,12,86753.44,4855.88,120,16185.46,4.4,17,0,4,3,521,1
115,52,18.0,12,86753.44,4855.88,120,25185.75,4.0,18,6,3,2,277,1
116,35,52.0,21,83928.84,897.84,237,7074.64,4.0,13,5,5,3,492,1
116,30,52.0,21,83928.84,897.84,237,9143.53,3.9,18,5,1,4,434,1
116,26,52.0,21,83928.84,897.84,237,48254.84,4.3,16,2,2,4,483,1
116,39,52.0,21,83928.84,897.84,237,8296.86,2.9,24,2,0,2,67,1
116,32,52.0,21,83928.84,897.84,237,37081.92,3.4,4,9,0,2,280,0
116,44,52.0,21,83928.84,897.84,237,43872.31,4.7,10,2,0,3,193,0
116,31,52.0,21,83928.84,897.84,237,3418.16,3.1,19,0,1,0,331,0
116,50,52.0,21,83928.84,897.84,237,15138.76,2.9,11,8,1,4,78,1
116,27,52.0,21,83928.84,897.84,237,6302.43,4.3,12,3,5,2,210,0
116,34,52.0,21,83928.84,897.84,237,42107.26,4.8,15,8,5,4,449,1
116,36,52.0,21,83928.84,897.84,237,39783.84,3.5,23,3,3,2,561,0
116,25,52.0,21,83928.84,897.84,237,41547.91,3.1,10,6,3,2,481,0
117,2,54.0,1,42896.1,4063.18,120,12196.25,3.3,14,6,0,2,555,1
117,56,54.0,1,42896.1,4063.18,120,27223.29,4.8,9,5,5,2,296,1
117,7,54.0,1,42896.1,4063.18,120,7802.7,4.7,2,5,0,2,521,1
117,10,54.0,1,42896.1,4063.18,120,2685.99,3.3,27,7,5,4,400,1
117,59,54.0,1,42896.1,4063.18,120,5933.21,5.0,12,5,3,0,209,1
117,16,54.0,1,42896.1,4063.18,120,40512.73,4.7,26,2,5,1,290,1
117,5,54.0,1,42896.1,4063.18,120,14502.66,4.1,3,9,0,4,385,0
117,1,54.0,1,42896.1,4063.18,120,25429.76,4.1,15,7,3,3,261,1
117,8,54.0,1,42896.1,4063.18,120,24108.89,4.5,24,8,2,1,429,1
117,21,54.0,1,42896.1,4063.18,120,23631.65,2.8,19,6,2,2,16,1
117,40,54.0,1,42896.1,4063.18,120,40747.28,4.0,19,0,1,0,133,0
117,30,54.0,1,42896.1,4063.18,120,9143.53,3.9,29,6,0,0,253,1
118,20,31.0,26,22646.35,3154.8,43,29822.37,4.6,8,6,2,3,540,1
118,38,31.0,26,22646.35,3154.8,43,8266.43,4.9,26,9,4,4,125,1
118,22,31.0,26,22646.35,3154.8,43,20650.86,3.5,2,3,2,0,185,1
118,12,31.0,26,22646.35,3154.8,43,6807.29,4.4,24,5,1,2,507,1
118,27,31.0,26,22646.35,3154.8,43,6302.43,4.3,23,8,0,2,527,0
118,53,31.0,26,22646.35,3154.8,43,11687.41,3.6,6,0,3,1,599,0
118,54,31.0,26,22646.35,3154.8,43,44988.77,4.3,23,2,0,3,97,0
118,33,31.0,26,22646.35,3154.8,43,28766.21,3.0,18,1,3,4,344,0
118,28,31.0,26,22646.35,3154.8,43,36570.29,4.1,15,5,2,2,257,1
118,40,31.0,26,22646.35,3154.8,43,40747.28,4.0,5,1,3,3,132,1
118,29,31.0,26,22646.35,3154.8,43,46923.19,4.2,9,0,3,1,56,0
118,6,31.0,26,22646.35,3154.8,43,29103.79,3.8,3,4,5,4,105,1
119,59,20.0,26,39966.83,2660.21,120,5933.21,5.0,12,8,3,4,478,1
119,48,20.0,26,39966.83,2660.21,120,18909.53,4.8,19,8,4,1,238,0
119,23,20.0,26,39966.83,2660.21,120,17508.53,4.5,10,6,0,0,503,0
119,47,20.0,26,39966.83,2660.21,120,22012.83,4.2,10,9,4,4,70,1
119,18,20.0,26,39966.83,2660.21,120,34106.99,4.6,12,7,4,1,432,1
119,35,20.0,26,39966.83,2660.21,120,7074.64,4.0,19,8,1,2,552,1
119,17,20.0,26,39966.83,2660.21,120,12806.57,3.4,11,8,3,1,444,1
119,27,20.0,26,39966.83,2660.21,120,6302.43,4.3,10,5,4,2,483,1
119,44,20.0,26,39966.83,2660.21,120,43872.31,4.7,7,2,5,0,74,0
119,10,20.0,26,39966.83,2660.21,120,2685.99,3.3,23,4,3,1,142,1
119,6,20.0,26,39966.83,2660.21,120,29103.79,3.8,14,1,4,1,594,0
119,54,20.0,26,39966.83,2660.21,120,44988.77,4.3,29,1,2,4,142,1
120,29,18.0,1,89243.74,2392.41,273,46923.19,4.2,2,3,1,3,332,1
120,13,18.0,1,89243.74,2392.41,273,3262.41,2.6,20,4,5,4,261,0
120,28,18.0,1,89243.74,2392.41,273,36570.29,4.1,22,8,4,4,383,1
120,60,18.0,1,89243.74,2392.41,273,46997.62,4.6,3,5,2,2,253,1
120,12,18.0,1,89243.74,2392.41,273,6807.29,4.4,17,0,2,4,458,0
120,51,18.0,1,89243.74,2392.41,273,37405.71,3.9,13,4,5,0,438,1
120,11,18.0,1,89243.74,2392.41,273,16896.55,3.1,7,5,1,2,493,1
120,10,18.0,1,89243.74,2392.41,273,2685.99,3.3,6,7,2,3,10,0
120,31,18.0,1,89243.74,2392.41,273,3418.16,3.1,9,9,1,1,53,1
120,57,18.0,1,89243.74,2392.41,273,45332.96,3.6,16,6,5,0,161,0
120,20,18.0,1,89243.74,2392.41,273,29822.37,4.6,10,9,0,1,219,0
120,41,18.0,1,89243.74,2392.41,273,33293.34,3.8,7,8,0,0,473,1
