order_id,customer_id,product_id,quantity,order_date,price,payment_method,order_status
1,67,46,3,2025-01-01 00:00:00.000000,122544.93,Debit Card,Cancelled
2,88,15,2,2025-01-01 21:52:16.480686,32370.92,UPI,Cancelled
3,87,25,4,2025-01-02 19:44:32.961373,166191.64,Cash on Delivery,Pending
4,59,30,4,2025-01-03 17:36:49.442060,36574.12,UPI,Cancelled
5,72,14,2,2025-01-04 15:29:05.922746,98998.04,Debit Card,Completed
6,54,7,4,2025-01-05 13:21:22.403433,31210.8,Cash on Delivery,Pending
7,111,17,2,2025-01-06 11:13:38.884120,25613.14,Debit Card,Cancelled
8,101,44,4,2025-01-07 09:05:55.364806,175489.24,Cash on Delivery,Pending
9,67,20,1,2025-01-08 06:58:11.845493,29822.37,Debit Card,Completed
10,51,36,1,2025-01-09 04:50:28.326180,39783.84,Credit Card,Completed
11,97,9,1,2025-01-10 02:42:44.806866,26676.21,Debit Card,Pending
12,92,38,3,2025-01-11 00:35:01.287553,24799.29,Credit Card,Completed
13,111,48,3,2025-01-11 22:27:17.768240,56728.59,Debit Card,Completed
14,8,57,1,2025-01-12 20:19:34.248927,45332.96,Cash on Delivery,Pending
15,34,60,3,2025-01-13 18:11:50.729613,140992.86,Cash on Delivery,Cancelled
16,35,22,4,2025-01-14 16:04:07.210300,82603.44,Cash on Delivery,Completed
17,96,54,2,2025-01-15 13:56:23.690987,89977.54,Net Banking,Completed
18,88,53,2,2025-01-16 11:48:40.171673,23374.82,UPI,Completed
19,78,53,2,2025-01-17 09:40:56.652360,23374.82,Cash on Delivery,Completed
20,32,2,1,2025-01-18 07:33:13.133047,12196.25,Credit Card,Pending
21,120,24,3,2025-01-19 05:25:29.613733,139450.5,Cash on Delivery,Completed
22,46,8,4,2025-01-20 03:17:46.094420,96435.56,Net Banking,Pending
23,107,11,4,2025-01-21 01:10:02.575107,67586.2,Credit Card,Completed
24,16,13,1,2025-01-21 23:02:19.055793,3262.41,Net Banking,Completed
25,68,17,4,2025-01-22 20:54:35.536480,51226.28,Credit Card,Completed
26,116,8,4,2025-01-23 18:46:52.017167,96435.56,Debit Card,Completed
27,37,21,4,2025-01-24 16:39:08.497854,94526.6,UPI,Completed
28,54,18,4,2025-01-25 14:31:24.978540,136427.96,UPI,Pending
29,85,30,3,2025-01-26 12:23:41.459227,27430.59,Net Banking,Completed
30,14,18,4,2025-01-27 10:15:57.939914,136427.96,UPI,Completed
31,95,46,2,2025-01-28 08:08:14.420600,81696.62,Net Banking,Completed
32,55,47,1,2025-01-29 06:00:30.901287,22012.83,Net Banking,Completed
33,48,31,3,2025-01-30 03:52:47.381974,10254.48,Net Banking,Cancelled
34,82,38,4,2025-01-31 01:45:03.862660,33065.72,UPI,Completed
35,7,32,3,2025-01-31 23:37:20.343347,111245.76,Net Banking,Cancelled
36,74,11,4,2025-02-01 21:29:36.824034,67586.2,UPI,Cancelled
37,7,45,2,2025-02-02 19:21:53.304721,39366.02,Net Banking,Cancelled
38,33,25,1,2025-02-03 17:14:09.785407,41547.91,Cash on Delivery,Completed
39,23,33,4,2025-02-04 15:06:26.266094,115064.84,Net Banking,Completed
40,85,60,4,2025-02-05 12:58:42.746781,187990.48,Credit Card,Completed
41,19,38,4,2025-02-06 10:50:59.227467,33065.72,Net Banking,Completed
42,112,41,4,2025-02-07 08:43:15.708154,133173.36,Debit Card,Completed
43,19,8,1,2025-02-08 06:35:32.188841,24108.89,Net Banking,Completed
44,36,11,1,2025-02-09 04:27:48.669527,16896.55,Credit Card,Completed
45,29,22,2,2025-02-10 02:20:05.150214,41301.72,Credit Card,Completed
46,60,51,1,2025-02-11 00:12:21.630901,37405.71,UPI,Pending
47,82,24,4,2025-02-11 22:04:38.111587,185934.0,Cash on Delivery,Pending
48,2,41,2,2025-02-12 19:56:54.592274,66586.68,Net Banking,Completed
49,1,17,2,2025-02-13 17:49:11.072961,25613.14,UPI,Pending
50,47,12,2,2025-02-14 15:41:27.553648,13614.58,Cash on Delivery,Pending
51,69,57,4,2025-02-15 13:33:44.034334,181331.84,Net Banking,Completed
52,20,46,3,2025-02-16 11:26:00.515021,122544.93,Debit Card,Completed
53,11,32,4,2025-02-17 09:18:16.995708,148327.68,Net Banking,Completed
54,106,15,1,2025-02-18 07:10:33.476394,16185.46,Credit Card,Pending
55,2,16,1,2025-02-19 05:02:49.957081,40512.73,Credit Card,Completed
56,67,54,4,2025-02-20 02:55:06.437768,179955.08,Debit Card,Cancelled
57,87,22,4,2025-02-21 00:47:22.918454,82603.44,UPI,Cancelled
58,119,28,2,2025-02-21 22:39:39.399141,73140.58,Cash on Delivery,Completed
59,12,20,4,2025-02-22 20:31:55.879828,119289.48,Net Banking,Cancelled
60,20,33,2,2025-02-23 18:24:12.360515,57532.42,Credit Card,Cancelled
61,5,10,1,2025-02-24 16:16:28.841201,2685.99,UPI,Completed
62,37,40,2,2025-02-25 14:08:45.321888,81494.56,Debit Card,Completed
63,38,32,4,2025-02-26 12:01:01.802575,148327.68,Credit Card,Pending
64,94,50,1,2025-02-27 09:53:18.283261,15138.76,Debit Card,Completed
65,9,60,3,2025-02-28 07:45:34.763948,140992.86,Net Banking,Completed
66,98,33,2,2025-03-01 05:37:51.244635,57532.42,Cash on Delivery,Completed
67,53,2,1,2025-03-02 03:30:07.725321,12196.25,Credit Card,Completed
68,44,33,2,2025-03-03 01:22:24.206008,57532.42,Credit Card,Completed
69,99,33,1,2025-03-03 23:14:40.686695,28766.21,Net Banking,Pending
70,116,41,1,2025-03-04 21:06:57.167381,33293.34,UPI,Completed
71,86,13,2,2025-03-05 18:59:13.648068,6524.82,Cash on Delivery,Completed
72,108,30,3,2025-03-06 16:51:30.128755,27430.59,Credit Card,Completed
73,24,33,1,2025-03-07 14:43:46.609442,28766.21,Cash on Delivery,Completed
74,81,13,1,2025-03-08 12:36:03.090128,3262.41,Credit Card,Cancelled
75,74,52,1,2025-03-09 10:28:19.570815,25185.75,Cash on Delivery,Completed
76,30,26,3,2025-03-10 08:20:36.051502,144764.52,Debit Card,Completed
77,120,22,3,2025-03-11 06:12:52.532188,61952.58,Credit Card,Completed
78,59,39,4,2025-03-12 04:05:09.012875,33187.44,Cash on Delivery,Pending
79,110,2,2,2025-03-13 01:57:25.493562,24392.5,UPI,Pending
80,87,38,3,2025-03-13 23:49:41.974248,24799.29,Debit Card,Completed
81,96,39,2,2025-03-14 21:41:58.454935,16593.72,Debit Card,Pending
82,81,26,4,2025-03-15 19:34:14.935622,193019.36,UPI,Cancelled
83,114,46,2,2025-03-16 17:26:31.416309,81696.62,Cash on Delivery,Cancelled
84,115,58,3,2025-03-17 15:18:47.896995,93748.44,Net Banking,Completed
85,81,50,2,2025-03-18 13:11:04.377682,30277.52,UPI,Completed
86,14,15,3,2025-03-19 11:03:20.858369,48556.38,Cash on Delivery,Completed
87,9,34,2,2025-03-20 08:55:37.339055,84214.52,UPI,Pending
88,40,42,3,2025-03-21 06:47:53.819742,78602.88,UPI,Cancelled
89,66,55,3,2025-03-22 04:40:10.300429,57768.51,Credit Card,Cancelled
90,109,44,2,2025-03-23 02:32:26.781115,87744.62,Cash on Delivery,Cancelled
91,25,49,4,2025-03-24 00:24:43.261802,92750.88,Net Banking,Completed
92,103,40,1,2025-03-24 22:16:59.742489,40747.28,Credit Card,Cancelled
93,73,11,4,2025-03-25 20:09:16.223175,67586.2,UPI,Completed
94,118,3,2,2025-03-26 18:01:32.703862,11660.72,UPI,Completed
95,22,59,4,2025-03-27 15:53:49.184549,23732.84,UPI,Completed
96,107,6,3,2025-03-28 13:46:05.665236,87311.37,Cash on Delivery,Pending
97,110,9,1,2025-03-29 11:38:22.145922,26676.21,Cash on Delivery,Completed
98,4,6,2,2025-03-30 09:30:38.626609,58207.58,Credit Card,Pending
99,26,9,2,2025-03-31 07:22:55.107296,53352.42,Net Banking,Completed
100,58,39,2,2025-04-01 05:15:11.587982,16593.72,Credit Card,Completed
101,29,31,1,2025-04-02 03:07:28.068669,3418.16,Debit Card,Completed
102,109,32,3,2025-04-03 00:59:44.549356,111245.76,UPI,Pending
103,98,41,2,2025-04-03 22:52:01.030042,66586.68,UPI,Completed
104,87,50,4,2025-04-04 20:44:17.510729,60555.04,UPI,Completed
105,37,12,2,2025-04-05 18:36:33.991416,13614.58,Credit Card,Completed
106,75,8,2,2025-04-06 16:28:50.472103,48217.78,Credit Card,Pending
107,70,8,2,2025-04-07 14:21:06.952789,48217.78,UPI,Completed
108,18,50,2,2025-04-08 12:13:23.433476,30277.52,Credit Card,Completed
109,85,28,3,2025-04-09 10:05:39.914163,109710.87,Cash on Delivery,Pending
110,42,20,4,2025-04-10 07:57:56.394849,119289.48,Cash on Delivery,Completed
111,100,47,3,2025-04-11 05:50:12.875536,66038.49,Credit Card,Cancelled
112,41,59,4,2025-04-12 03:42:29.356223,23732.84,UPI,Pending
113,38,7,2,2025-04-13 01:34:45.836909,15605.4,Credit Card,Pending
114,34,11,1,2025-04-13 23:27:02.317596,16896.55,Credit Card,Completed
115,17,20,3,2025-04-14 21:19:18.798283,89467.11,Credit Card,Cancelled
116,37,16,1,2025-04-15 19:11:35.278969,40512.73,Debit Card,Completed
117,25,4,3,2025-04-16 17:03:51.759656,91709.82,Cash on Delivery,Completed
118,102,6,2,2025-04-17 14:56:08.240343,58207.58,Net Banking,Completed
119,76,58,3,2025-04-18 12:48:24.721030,93748.44,Net Banking,Pending
120,87,22,2,2025-04-19 10:40:41.201716,41301.72,Debit Card,Completed
121,117,26,3,2025-04-20 08:32:57.682403,144764.52,Credit Card,Completed
122,106,3,2,2025-04-21 06:25:14.163090,11660.72,Debit Card,Completed
123,86,41,2,2025-04-22 04:17:30.643776,66586.68,Debit Card,Completed
124,85,60,4,2025-04-23 02:09:47.124463,187990.48,UPI,Completed
125,27,42,2,2025-04-24 00:02:03.605150,52401.92,Cash on Delivery,Completed
126,57,14,4,2025-04-24 21:54:20.085836,197996.08,Net Banking,Completed
127,31,11,2,2025-04-25 19:46:36.566523,33793.1,Credit Card,Completed
128,6,18,1,2025-04-26 17:38:53.047210,34106.99,Net Banking,Completed
129,91,54,2,2025-04-27 15:31:09.527896,89977.54,Net Banking,Completed
130,40,12,1,2025-04-28 13:23:26.008583,6807.29,Cash on Delivery,Cancelled
131,98,23,1,2025-04-29 11:15:42.489270,17508.53,Net Banking,Completed
132,12,12,2,2025-04-30 09:07:58.969957,13614.58,Net Banking,Completed
133,109,13,1,2025-05-01 07:00:15.450643,3262.41,Debit Card,Pending
134,53,25,4,2025-05-02 04:52:31.931330,166191.64,Cash on Delivery,Pending
135,71,45,3,2025-05-03 02:44:48.412017,59049.03,UPI,Completed
136,10,51,2,2025-05-04 00:37:04.892703,74811.42,Credit Card,Completed
137,45,58,1,2025-05-04 22:29:21.373390,31249.48,Net Banking,Completed
138,17,19,2,2025-05-05 20:21:37.854077,76070.74,Credit Card,Pending
139,26,55,4,2025-05-06 18:13:54.334763,77024.68,UPI,Cancelled
140,85,46,2,2025-05-07 16:06:10.815450,81696.62,Credit Card,Completed
141,92,36,2,2025-05-08 13:58:27.296137,79567.68,UPI,Completed
142,62,45,1,2025-05-09 11:50:43.776824,19683.01,Debit Card,Cancelled
143,46,8,4,2025-05-10 09:43:00.257510,96435.56,Net Banking,Completed
144,64,29,3,2025-05-11 07:35:16.738197,140769.57,UPI,Completed
145,2,55,3,2025-05-12 05:27:33.218884,57768.51,Credit Card,Completed
146,54,53,1,2025-05-13 03:19:49.699570,11687.41,Net Banking,Completed
147,107,55,2,2025-05-14 01:12:06.180257,38512.34,Debit Card,Completed
148,65,32,1,2025-05-14 23:04:22.660944,37081.92,Net Banking,Completed
149,51,51,1,2025-05-15 20:56:39.141630,37405.71,UPI,Completed
150,53,44,1,2025-05-16 18:48:55.622317,43872.31,Debit Card,Completed
151,36,18,2,2025-05-17 16:41:12.103004,68213.98,Credit Card,Completed
152,115,6,4,2025-05-18 14:33:28.583690,116415.16,Debit Card,Completed
153,26,18,1,2025-05-19 12:25:45.064377,34106.99,Debit Card,Completed
154,29,19,2,2025-05-20 10:18:01.545064,76070.74,Cash on Delivery,Completed
155,21,22,4,2025-05-21 08:10:18.025751,82603.44,Debit Card,Completed
156,11,37,1,2025-05-22 06:02:34.506437,10161.2,Debit Card,Completed
157,40,32,3,2025-05-23 03:54:50.987124,111245.76,Net Banking,Cancelled
158,11,56,4,2025-05-24 01:47:07.467811,108893.16,Credit Card,Completed
159,36,41,1,2025-05-24 23:39:23.948497,33293.34,Net Banking,Completed
160,113,59,4,2025-05-25 21:31:40.429184,23732.84,Net Banking,Pending
161,59,3,4,2025-05-26 19:23:56.909871,23321.44,UPI,Completed
162,39,28,4,2025-05-27 17:16:13.390557,146281.16,Net Banking,Completed
163,104,10,4,2025-05-28 15:08:29.871244,10743.96,Cash on Delivery,Cancelled
164,99,51,4,2025-05-29 13:00:46.351931,149622.84,Cash on Delivery,Completed
165,54,35,4,2025-05-30 10:53:02.832618,28298.56,UPI,Completed
166,98,29,1,2025-05-31 08:45:19.313304,46923.19,Credit Card,Completed
167,55,54,3,2025-06-01 06:37:35.793991,134966.31,Credit Card,Cancelled
168,111,15,2,2025-06-02 04:29:52.274678,32370.92,Net Banking,Completed
169,24,33,4,2025-06-03 02:22:08.755364,115064.84,Net Banking,Completed
170,118,7,2,2025-06-04 00:14:25.236051,15605.4,Net Banking,Completed
171,22,12,1,2025-06-04 22:06:41.716738,6807.29,Credit Card,Completed
172,69,49,4,2025-06-05 19:58:58.197424,92750.88,Debit Card,Completed
173,56,30,3,2025-06-06 17:51:14.678111,27430.59,Cash on Delivery,Cancelled
174,33,21,2,2025-06-07 15:43:31.158798,47263.3,Debit Card,Cancelled
175,36,31,4,2025-06-08 13:35:47.639484,13672.64,Debit Card,Completed
176,111,58,1,2025-06-09 11:28:04.120171,31249.48,Credit Card,Cancelled
177,20,24,3,2025-06-10 09:20:20.600858,139450.5,Debit Card,Cancelled
178,83,20,2,2025-06-11 07:12:37.081545,59644.74,UPI,Completed
179,99,37,2,2025-06-12 05:04:53.562231,20322.4,Net Banking,Completed
180,116,4,4,2025-06-13 02:57:10.042918,122279.76,UPI,Completed
181,107,28,3,2025-06-14 00:49:26.523605,109710.87,Cash on Delivery,Completed
182,81,44,3,2025-06-14 22:41:43.004291,131616.93,Net Banking,Completed
183,62,20,3,2025-06-15 20:33:59.484978,89467.11,Debit Card,Completed
184,109,60,3,2025-06-16 18:26:15.965665,140992.86,Cash on Delivery,Pending
185,107,24,1,2025-06-17 16:18:32.446351,46483.5,Net Banking,Completed
186,98,50,3,2025-06-18 14:10:48.927038,45416.28,Debit Card,Cancelled
187,73,49,2,2025-06-19 12:03:05.407725,46375.44,UPI,Completed
188,26,51,2,2025-06-20 09:55:21.888412,74811.42,Net Banking,Completed
189,66,32,1,2025-06-21 07:47:38.369098,37081.92,Debit Card,Completed
190,117,41,2,2025-06-22 05:39:54.849785,66586.68,UPI,Completed
191,73,36,2,2025-06-23 03:32:11.330472,79567.68,Cash on Delivery,Cancelled
192,73,58,3,2025-06-24 01:24:27.811158,93748.44,Cash on Delivery,Completed
193,40,53,2,2025-06-24 23:16:44.291845,23374.82,Cash on Delivery,Completed
194,17,34,1,2025-06-25 21:09:00.772532,42107.26,Cash on Delivery,Cancelled
195,1,36,3,2025-06-26 19:01:17.253218,119351.52,Credit Card,Pending
196,89,2,4,2025-06-27 16:53:33.733905,48785.0,Net Banking,Completed
197,61,15,3,2025-06-28 14:45:50.214592,48556.38,Net Banking,Completed
198,43,34,1,2025-06-29 12:38:06.695278,42107.26,Credit Card,Completed
199,104,36,3,2025-06-30 10:30:23.175965,119351.52,Debit Card,Completed
200,42,6,3,2025-07-01 08:22:39.656652,87311.37,Debit Card,Pending
201,25,39,1,2025-07-02 06:14:56.137339,8296.86,Cash on Delivery,Completed
202,39,42,3,2025-07-03 04:07:12.618025,78602.88,UPI,Completed
203,35,51,1,2025-07-04 01:59:29.098712,37405.71,Debit Card,Completed
204,3,51,1,2025-07-04 23:51:45.579399,37405.71,UPI,Completed
205,114,58,4,2025-07-05 21:44:02.060085,124997.92,Net Banking,Completed
206,101,54,2,2025-07-06 19:36:18.540772,89977.54,UPI,Cancelled
207,108,12,2,2025-07-07 17:28:35.021459,13614.58,Net Banking,Completed
208,44,3,3,2025-07-08 15:20:51.502145,17491.08,Credit Card,Cancelled
209,51,45,3,2025-07-09 13:13:07.982832,59049.03,Credit Card,Cancelled
210,94,18,4,2025-07-10 11:05:24.463519,136427.96,Cash on Delivery,Completed
211,102,40,4,2025-07-11 08:57:40.944206,162989.12,Debit Card,Completed
212,98,21,4,2025-07-12 06:49:57.424892,94526.6,Cash on Delivery,Completed
213,12,15,1,2025-07-13 04:42:13.905579,16185.46,Net Banking,Completed
214,19,33,4,2025-07-14 02:34:30.386266,115064.84,Cash on Delivery,Pending
215,101,35,4,2025-07-15 00:26:46.866952,28298.56,UPI,Completed
216,44,26,3,2025-07-15 22:19:03.347639,144764.52,Net Banking,Pending
217,59,8,4,2025-07-16 20:11:19.828326,96435.56,Credit Card,Pending
218,49,36,1,2025-07-17 18:03:36.309012,39783.84,Debit Card,Completed
219,61,48,1,2025-07-18 15:55:52.789699,18909.53,Net Banking,Completed
220,17,30,3,2025-07-19 13:48:09.270386,27430.59,Net Banking,Cancelled
221,74,23,4,2025-07-20 11:40:25.751072,70034.12,UPI,Cancelled
222,57,42,4,2025-07-21 09:32:42.231759,104803.84,Debit Card,Cancelled
223,55,44,1,2025-07-22 07:24:58.712446,43872.31,Credit Card,Completed
224,113,14,4,2025-07-23 05:17:15.193133,197996.08,Net Banking,Completed
225,47,14,4,2025-07-24 03:09:31.673819,197996.08,Net Banking,Completed
226,12,2,4,2025-07-25 01:01:48.154506,48785.0,UPI,Completed
227,62,55,2,2025-07-25 22:54:04.635193,38512.34,Cash on Delivery,Completed
228,80,37,3,2025-07-26 20:46:21.115879,30483.6,Credit Card,Completed
229,88,5,2,2025-07-27 18:38:37.596566,29005.32,Debit Card,Pending
230,83,38,3,2025-07-28 16:30:54.077253,24799.29,Net Banking,Completed
231,8,45,1,2025-07-29 14:23:10.557939,19683.01,Net Banking,Completed
232,95,41,4,2025-07-30 12:15:27.038626,133173.36,Credit Card,Cancelled
233,21,54,3,2025-07-31 10:07:43.519313,134966.31,Cash on Delivery,Completed
234,81,60,2,2025-08-01 08:00:00.000000,93995.24,Net Banking,Pending
235,87,47,4,2025-08-02 05:52:16.480686,88051.32,Credit Card,Pending
236,101,14,1,2025-08-03 03:44:32.961373,49499.02,UPI,Completed
237,118,56,3,2025-08-04 01:36:49.442060,81669.87,Cash on Delivery,Completed
238,80,39,3,2025-08-04 23:29:05.922746,24890.58,Debit Card,Cancelled
239,70,25,3,2025-08-05 21:21:22.403433,124643.73,Net Banking,Completed
240,72,20,4,2025-08-06 19:13:38.884120,119289.48,Credit Card,Completed
241,25,2,2,2025-08-07 17:05:55.364806,24392.5,UPI,Completed
242,82,39,2,2025-08-08 14:58:11.845493,16593.72,Debit Card,Cancelled
243,89,6,3,2025-08-09 12:50:28.326180,87311.37,Credit Card,Completed
244,12,17,1,2025-08-10 10:42:44.806866,12806.57,Credit Card,Completed
245,15,59,1,2025-08-11 08:35:01.287553,5933.21,Debit Card,Pending
246,59,25,2,2025-08-12 06:27:17.768240,83095.82,UPI,Pending
247,26,57,1,2025-08-13 04:19:34.248927,45332.96,UPI,Completed
248,105,28,2,2025-08-14 02:11:50.729613,73140.58,Cash on Delivery,Cancelled
249,109,2,3,2025-08-15 00:04:07.210300,36588.75,Net Banking,Completed
250,26,35,2,2025-08-15 21:56:23.690987,14149.28,Debit Card,Cancelled
251,47,37,2,2025-08-16 19:48:40.171673,20322.4,Debit Card,Completed
252,32,5,3,2025-08-17 17:40:56.652360,43507.98,Debit Card,Pending
253,10,1,1,2025-08-18 15:33:13.133047,25429.76,UPI,Cancelled
254,16,40,2,2025-08-19 13:25:29.613733,81494.56,Net Banking,Cancelled
255,71,12,2,2025-08-20 11:17:46.094420,13614.58,Cash on Delivery,Pending
256,17,56,3,2025-08-21 09:10:02.575107,81669.87,Credit Card,Completed
257,23,36,1,2025-08-22 07:02:19.055793,39783.84,Credit Card,Pending
258,26,45,2,2025-08-23 04:54:35.536480,39366.02,Debit Card,Completed
259,85,23,3,2025-08-24 02:46:52.017167,52525.59,Net Banking,Completed
260,86,47,2,2025-08-25 00:39:08.497854,44025.66,UPI,Pending
261,7,31,4,2025-08-25 22:31:24.978540,13672.64,Net Banking,Completed
262,14,11,3,2025-08-26 20:23:41.459227,50689.65,Net Banking,Completed
263,79,10,1,2025-08-27 18:15:57.939914,2685.99,UPI,Completed
264,117,3,1,2025-08-28 16:08:14.420600,5830.36,Debit Card,Completed
265,7,54,1,2025-08-29 14:00:30.901287,44988.77,Net Banking,Pending
266,9,14,1,2025-08-30 11:52:47.381974,49499.02,Credit Card,Completed
267,115,16,2,2025-08-31 09:45:03.862660,81025.46,UPI,Completed
268,48,10,2,2025-09-01 07:37:20.343347,5371.98,Cash on Delivery,Pending
269,72,29,1,2025-09-02 05:29:36.824034,46923.19,Debit Card,Completed
270,114,10,1,2025-09-03 03:21:53.304721,2685.99,UPI,Cancelled
271,59,12,1,2025-09-04 01:14:09.785407,6807.29,Cash on Delivery,Completed
272,87,30,2,2025-09-04 23:06:26.266094,18287.06,Cash on Delivery,Completed
273,93,41,1,2025-09-05 20:58:42.746781,33293.34,Net Banking,Completed
274,82,1,1,2025-09-06 18:50:59.227467,25429.76,Net Banking,Completed
275,95,5,4,2025-09-07 16:43:15.708154,58010.64,Net Banking,Completed
276,94,20,4,2025-09-08 14:35:32.188841,119289.48,UPI,Completed
277,116,8,1,2025-09-09 12:27:48.669527,24108.89,UPI,Pending
278,39,43,3,2025-09-10 10:20:05.150214,54016.92,Debit Card,Completed
279,99,12,1,2025-09-11 08:12:21.630901,6807.29,Net Banking,Completed
280,18,1,4,2025-09-12 06:04:38.111587,101719.04,Cash on Delivery,Completed
281,59,57,3,2025-09-13 03:56:54.592274,135998.88,Credit Card,Completed
282,106,54,3,2025-09-14 01:49:11.072961,134966.31,Debit Card,Completed
283,103,20,1,2025-09-14 23:41:27.553648,29822.37,UPI,Completed
284,17,28,4,2025-09-15 21:33:44.034334,146281.16,Debit Card,Completed
285,14,57,4,2025-09-16 19:26:00.515021,181331.84,Debit Card,Completed
286,31,43,3,2025-09-17 17:18:16.995708,54016.92,Debit Card,Pending
287,24,37,1,2025-09-18 15:10:33.476394,10161.2,Debit Card,Cancelled
288,99,47,2,2025-09-19 13:02:49.957081,44025.66,Credit Card,Completed
289,108,37,2,2025-09-20 10:55:06.437768,20322.4,Net Banking,Completed
290,60,12,4,2025-09-21 08:47:22.918454,27229.16,Cash on Delivery,Pending
291,45,37,2,2025-09-22 06:39:39.399141,20322.4,Debit Card,Completed
292,98,49,4,2025-09-23 04:31:55.879828,92750.88,Debit Card,Completed
293,3,49,4,2025-09-24 02:24:12.360515,92750.88,Debit Card,Cancelled
294,37,56,4,2025-09-25 00:16:28.841201,108893.16,Net Banking,Pending
295,43,44,2,2025-09-25 22:08:45.321888,87744.62,UPI,Cancelled
296,40,56,4,2025-09-26 20:01:01.802575,108893.16,UPI,Completed
297,90,28,3,2025-09-27 17:53:18.283261,109710.87,Credit Card,Completed
298,55,47,1,2025-09-28 15:45:34.763948,22012.83,UPI,Completed
299,87,15,1,2025-09-29 13:37:51.244635,16185.46,Debit Card,Completed
300,108,6,4,2025-09-30 11:30:07.725321,116415.16,Debit Card,Completed
301,39,44,1,2025-10-01 09:22:24.206008,43872.31,Debit Card,Pending
302,15,59,2,2025-10-02 07:14:40.686695,11866.42,Credit Card,Completed
303,120,20,2,2025-10-03 05:06:57.167381,59644.74,Debit Card,Completed
304,113,50,1,2025-10-04 02:59:13.648068,15138.76,UPI,Cancelled
305,4,14,2,2025-10-05 00:51:30.128755,98998.04,Net Banking,Completed
306,93,2,1,2025-10-05 22:43:46.609442,12196.25,Net Banking,Cancelled
307,86,9,1,2025-10-06 20:36:03.090128,26676.21,Cash on Delivery,Completed
308,25,37,1,2025-10-07 18:28:19.570815,10161.2,UPI,Completed
309,13,20,4,2025-10-08 16:20:36.051502,119289.48,Debit Card,Completed
310,82,26,1,2025-10-09 14:12:52.532188,48254.84,Net Banking,Completed
311,33,29,4,2025-10-10 12:05:09.012875,187692.76,UPI,Completed
312,16,1,1,2025-10-11 09:57:25.493562,25429.76,Net Banking,Completed
313,109,55,1,2025-10-12 07:49:41.974248,19256.17,Debit Card,Cancelled
314,42,35,1,2025-10-13 05:41:58.454935,7074.64,Net Banking,Pending
315,108,6,2,2025-10-14 03:34:14.935622,58207.58,Cash on Delivery,Completed
316,66,37,4,2025-10-15 01:26:31.416309,40644.8,Cash on Delivery,Completed
317,55,53,4,2025-10-15 23:18:47.896995,46749.64,Net Banking,Completed
318,99,59,1,2025-10-16 21:11:04.377682,5933.21,UPI,Cancelled
319,42,5,1,2025-10-17 19:03:20.858369,14502.66,UPI,Completed
320,34,33,2,2025-10-18 16:55:37.339055,57532.42,UPI,Cancelled
321,30,49,2,2025-10-19 14:47:53.819742,46375.44,Net Banking,Completed
322,119,51,2,2025-10-20 12:40:10.300429,74811.42,UPI,Completed
323,13,14,4,2025-10-21 10:32:26.781115,197996.08,Debit Card,Completed
324,13,12,4,2025-10-22 08:24:43.261802,27229.16,Cash on Delivery,Cancelled
325,18,42,4,2025-10-23 06:16:59.742489,104803.84,Debit Card,Completed
326,32,20,1,2025-10-24 04:09:16.223175,29822.37,UPI,Completed
327,96,53,4,2025-10-25 02:01:32.703862,46749.64,Debit Card,Completed
328,99,50,3,2025-10-25 23:53:49.184549,45416.28,UPI,Completed
329,39,24,3,2025-10-26 21:46:05.665236,139450.5,Net Banking,Completed
330,46,59,2,2025-10-27 19:38:22.145922,11866.42,Debit Card,Completed
331,116,43,4,2025-10-28 17:30:38.626609,72022.56,Net Banking,Cancelled
332,29,34,3,2025-10-29 15:22:55.107296,126321.78,Net Banking,Completed
333,62,25,2,2025-10-30 13:15:11.587982,83095.82,Credit Card,Completed
334,113,50,4,2025-10-31 11:07:28.068669,60555.04,UPI,Completed
335,93,29,1,2025-11-01 08:59:44.549356,46923.19,Cash on Delivery,Completed
336,62,57,3,2025-11-02 06:52:01.030042,135998.88,UPI,Pending
337,117,39,1,2025-11-03 04:44:17.510729,8296.86,Cash on Delivery,Completed
338,108,31,4,2025-11-04 02:36:33.991416,13672.64,UPI,Completed
339,57,56,3,2025-11-05 00:28:50.472103,81669.87,Net Banking,Completed
340,16,47,4,2025-11-05 22:21:06.952789,88051.32,Debit Card,Completed
341,56,43,1,2025-11-06 20:13:23.433476,18005.64,Debit Card,Completed
342,108,50,3,2025-11-07 18:05:39.914163,45416.28,Credit Card,Completed
343,111,23,1,2025-11-08 15:57:56.394849,17508.53,Cash on Delivery,Completed
344,10,44,4,2025-11-09 13:50:12.875536,175489.24,Cash on Delivery,Completed
345,30,38,4,2025-11-10 11:42:29.356223,33065.72,Cash on Delivery,Completed
346,25,20,1,2025-11-11 09:34:45.836909,29822.37,Net Banking,Completed
347,103,23,3,2025-11-12 07:27:02.317596,52525.59,Cash on Delivery,Completed
348,84,45,1,2025-11-13 05:19:18.798283,19683.01,Debit Card,Cancelled
349,5,52,4,2025-11-14 03:11:35.278969,100743.0,Net Banking,Completed
350,65,16,1,2025-11-15 01:03:51.759656,40512.73,UPI,Completed
351,94,50,4,2025-11-15 22:56:08.240343,60555.04,Cash on Delivery,Cancelled
352,49,42,1,2025-11-16 20:48:24.721030,26200.96,Cash on Delivery,Cancelled
353,3,60,3,2025-11-17 18:40:41.201716,140992.86,UPI,Completed
354,45,55,3,2025-11-18 16:32:57.682403,57768.51,Cash on Delivery,Completed
355,14,8,1,2025-11-19 14:25:14.163090,24108.89,UPI,Completed
356,120,50,1,2025-11-20 12:17:30.643776,15138.76,Net Banking,Completed
357,30,21,3,2025-11-21 10:09:47.124463,70894.95,Debit Card,Completed
358,114,1,4,2025-11-22 08:02:03.605150,101719.04,UPI,Completed
359,68,55,3,2025-11-23 05:54:20.085836,57768.51,Credit Card,Completed
360,18,8,4,2025-11-24 03:46:36.566523,96435.56,UPI,Pending
361,62,29,1,2025-11-25 01:38:53.047210,46923.19,Cash on Delivery,Pending
362,37,32,1,2025-11-25 23:31:09.527896,37081.92,Net Banking,Completed
363,25,38,4,2025-11-26 21:23:26.008583,33065.72,Net Banking,Completed
364,48,5,1,2025-11-27 19:15:42.489270,14502.66,UPI,Completed
365,65,47,4,2025-11-28 17:07:58.969957,88051.32,Debit Card,Pending
366,53,22,2,2025-11-29 15:00:15.450643,41301.72,Credit Card,Completed
367,110,47,3,2025-11-30 12:52:31.931330,66038.49,Net Banking,Completed
368,79,34,2,2025-12-01 10:44:48.412017,84214.52,Cash on Delivery,Completed
369,73,1,4,2025-12-02 08:37:04.892703,101719.04,Cash on Delivery,Completed
370,15,55,3,2025-12-03 06:29:21.373390,57768.51,Debit Card,Cancelled
371,49,55,4,2025-12-04 04:21:37.854077,77024.68,Net Banking,Completed
372,88,26,3,2025-12-05 02:13:54.334763,144764.52,UPI,Completed
373,68,43,3,2025-12-06 00:06:10.815450,54016.92,Cash on Delivery,Completed
374,12,10,3,2025-12-06 21:58:27.296137,8057.97,Debit Card,Completed
375,59,30,3,2025-12-07 19:50:43.776824,27430.59,Net Banking,Pending
376,37,50,4,2025-12-08 17:43:00.257510,60555.04,Net Banking,Completed
377,61,18,3,2025-12-09 15:35:16.738197,102320.97,Net Banking,Completed
378,101,17,3,2025-12-10 13:27:33.218884,38419.71,Net Banking,Pending
379,43,26,2,2025-12-11 11:19:49.699570,96509.68,Net Banking,Completed
380,70,8,1,2025-12-12 09:12:06.180257,24108.89,Cash on Delivery,Completed
381,39,47,1,2025-12-13 07:04:22.660944,22012.83,Debit Card,Cancelled
382,56,40,2,2025-12-14 04:56:39.141630,81494.56,Net Banking,Completed
383,63,49,2,2025-12-15 02:48:55.622317,46375.44,Credit Card,Cancelled
384,46,12,4,2025-12-16 00:41:12.103004,27229.16,Credit Card,Pending
385,88,27,4,2025-12-16 22:33:28.583690,25209.72,Debit Card,Cancelled
386,11,8,4,2025-12-17 20:25:45.064377,96435.56,UPI,Pending
387,62,25,2,2025-12-18 18:18:01.545064,83095.82,UPI,Pending
388,77,46,2,2025-12-19 16:10:18.025751,81696.62,UPI,Pending
389,98,4,3,2025-12-20 14:02:34.506437,91709.82,Credit Card,Pending
390,25,33,4,2025-12-21 11:54:50.987124,115064.84,UPI,Pending
391,71,1,4,2025-12-22 09:47:07.467811,101719.04,Cash on Delivery,Completed
392,52,19,4,2025-12-23 07:39:23.948497,152141.48,Net Banking,Pending
393,4,31,1,2025-12-24 05:31:40.429184,3418.16,Credit Card,Completed
394,59,16,3,2025-12-25 03:23:56.909871,121538.19,Debit Card,Pending
395,72,14,4,2025-12-26 01:16:13.390557,197996.08,Debit Card,Cancelled
396,20,53,4,2025-12-26 23:08:29.871244,46749.64,Net Banking,Pending
397,93,48,4,2025-12-27 21:00:46.351931,75638.12,Credit Card,Completed
398,63,5,1,2025-12-28 18:53:02.832618,14502.66,UPI,Pending
399,54,41,1,2025-12-29 16:45:19.313304,33293.34,UPI,Pending
400,117,26,2,2025-12-30 14:37:35.793991,96509.68,Cash on Delivery,Cancelled
401,115,28,3,2025-12-31 12:29:52.274678,109710.87,Cash on Delivery,Completed
402,109,2,2,2026-01-01 10:22:08.755364,24392.5,UPI,Cancelled
403,110,50,3,2026-01-02 08:14:25.236051,45416.28,Debit Card,Completed
404,74,6,1,2026-01-03 06:06:41.716738,29103.79,Debit Card,Completed
405,107,9,4,2026-01-04 03:58:58.197424,106704.84,Cash on Delivery,Completed
406,98,33,2,2026-01-05 01:51:14.678111,57532.42,Net Banking,Completed
407,57,41,4,2026-01-05 23:43:31.158798,133173.36,UPI,Completed
408,90,25,2,2026-01-06 21:35:47.639484,83095.82,Cash on Delivery,Cancelled
409,41,48,1,2026-01-07 19:28:04.120171,18909.53,Cash on Delivery,Completed
410,113,13,1,2026-01-08 17:20:20.600858,3262.41,UPI,Completed
411,3,9,1,2026-01-09 15:12:37.081545,26676.21,UPI,Completed
412,120,53,2,2026-01-10 13:04:53.562231,23374.82,Debit Card,Completed
413,6,13,3,2026-01-11 10:57:10.042918,9787.23,Net Banking,Pending
414,5,31,2,2026-01-12 08:49:26.523605,6836.32,Net Banking,Completed
415,5,41,3,2026-01-13 06:41:43.004291,99880.02,UPI,Completed
416,54,11,2,2026-01-14 04:33:59.484978,33793.1,Credit Card,Completed
417,47,4,2,2026-01-15 02:26:15.965665,61139.88,Cash on Delivery,Completed
418,87,34,1,2026-01-16 00:18:32.446351,42107.26,Cash on Delivery,Completed
419,49,38,4,2026-01-16 22:10:48.927038,33065.72,UPI,Completed
420,9,46,4,2026-01-17 20:03:05.407725,163393.24,Credit Card,Pending
421,99,4,3,2026-01-18 17:55:21.888412,91709.82,Debit Card,Completed
422,20,38,4,2026-01-19 15:47:38.369098,33065.72,UPI,Completed
423,113,19,2,2026-01-20 13:39:54.849785,76070.74,UPI,Completed
424,61,6,2,2026-01-21 11:32:11.330472,58207.58,Cash on Delivery,Cancelled
425,106,34,1,2026-01-22 09:24:27.811158,42107.26,UPI,Completed
426,35,18,1,2026-01-23 07:16:44.291845,34106.99,UPI,Completed
427,50,13,4,2026-01-24 05:09:00.772532,13049.64,UPI,Completed
428,82,41,3,2026-01-25 03:01:17.253218,99880.02,Cash on Delivery,Pending
429,62,23,4,2026-01-26 00:53:33.733905,70034.12,Debit Card,Pending
430,17,19,4,2026-01-26 22:45:50.214592,152141.48,Debit Card,Completed
431,88,45,4,2026-01-27 20:38:06.695278,78732.04,UPI,Completed
432,3,11,4,2026-01-28 18:30:23.175965,67586.2,Cash on Delivery,Pending
433,32,1,2,2026-01-29 16:22:39.656652,50859.52,Debit Card,Completed
434,99,24,3,2026-01-30 14:14:56.137339,139450.5,Debit Card,Completed
435,102,54,2,2026-01-31 12:07:12.618025,89977.54,Debit Card,Completed
436,13,7,3,2026-02-01 09:59:29.098712,23408.1,Cash on Delivery,Cancelled
437,120,25,1,2026-02-02 07:51:45.579399,41547.91,Cash on Delivery,Completed
438,111,21,4,2026-02-03 05:44:02.060085,94526.6,UPI,Cancelled
439,89,15,2,2026-02-04 03:36:18.540772,32370.92,Net Banking,Completed
440,73,1,3,2026-02-05 01:28:35.021459,76289.28,Debit Card,Completed
441,68,12,1,2026-02-05 23:20:51.502145,6807.29,Net Banking,Completed
442,14,58,1,2026-02-06 21:13:07.982832,31249.48,Cash on Delivery,Completed
443,101,7,4,2026-02-07 19:05:24.463519,31210.8,Cash on Delivery,Cancelled
444,98,15,3,2026-02-08 16:57:40.944206,48556.38,Cash on Delivery,Completed
445,11,21,2,2026-02-09 14:49:57.424892,47263.3,Net Banking,Completed
446,105,19,4,2026-02-10 12:42:13.905579,152141.48,Cash on Delivery,Cancelled
447,56,60,2,2026-02-11 10:34:30.386266,93995.24,UPI,Completed
448,67,29,1,2026-02-12 08:26:46.866952,46923.19,Cash on Delivery,Pending
449,92,25,2,2026-02-13 06:19:03.347639,83095.82,Credit Card,Completed
450,29,33,2,2026-02-14 04:11:19.828326,57532.42,Net Banking,Pending
451,9,49,4,2026-02-15 02:03:36.309012,92750.88,Credit Card,Completed
452,67,32,2,2026-02-15 23:55:52.789699,74163.84,Cash on Delivery,Completed
453,25,49,4,2026-02-16 21:48:09.270386,92750.88,UPI,Completed
454,98,35,1,2026-02-17 19:40:25.751072,7074.64,Debit Card,Completed
455,76,44,4,2026-02-18 17:32:42.231759,175489.24,Cash on Delivery,Completed
456,42,38,4,2026-02-19 15:24:58.712446,33065.72,UPI,Completed
457,9,26,3,2026-02-20 13:17:15.193133,144764.52,Net Banking,Pending
458,79,11,2,2026-02-21 11:09:31.673819,33793.1,Credit Card,Cancelled
459,40,35,1,2026-02-22 09:01:48.154506,7074.64,Credit Card,Pending
460,25,8,4,2026-02-23 06:54:04.635193,96435.56,Credit Card,Completed
461,5,46,1,2026-02-24 04:46:21.115879,40848.31,Net Banking,Completed
462,11,14,3,2026-02-25 02:38:37.596566,148497.06,UPI,Cancelled
463,59,10,2,2026-02-26 00:30:54.077253,5371.98,Net Banking,Completed
464,98,2,4,2026-02-26 22:23:10.557939,48785.0,Credit Card,Completed
465,88,46,2,2026-02-27 20:15:27.038626,81696.62,Cash on Delivery,Cancelled
466,79,9,3,2026-02-28 18:07:43.519313,80028.63,Debit Card,Completed
467,38,3,3,2026-03-01 16:00:00.000000,17491.08,Net Banking,Completed
468,72,21,1,2026-03-02 13:52:16.480686,23631.65,Net Banking,Completed
469,5,26,4,2026-03-03 11:44:32.961373,193019.36,UPI,Completed
470,48,8,1,2026-03-04 09:36:49.442060,24108.89,UPI,Cancelled
471,90,48,3,2026-03-05 07:29:05.922746,56728.59,Net Banking,Completed
472,18,2,2,2026-03-06 05:21:22.403433,24392.5,Credit Card,Completed
473,70,6,1,2026-03-07 03:13:38.884120,29103.79,Debit Card,Completed
474,37,28,1,2026-03-08 01:05:55.364806,36570.29,UPI,Completed
475,60,53,2,2026-03-08 22:58:11.845493,23374.82,Credit Card,Pending
476,48,29,1,2026-03-09 20:50:28.326180,46923.19,Cash on Delivery,Cancelled
477,77,26,2,2026-03-10 18:42:44.806866,96509.68,UPI,Completed
478,28,25,4,2026-03-11 16:35:01.287553,166191.64,Credit Card,Completed
479,69,12,2,2026-03-12 14:27:17.768240,13614.58,Credit Card,Cancelled
480,77,5,4,2026-03-13 12:19:34.248927,58010.64,Debit Card,Completed
481,81,34,2,2026-03-14 10:11:50.729613,84214.52,Debit Card,Completed
482,114,48,3,2026-03-15 08:04:07.210300,56728.59,Cash on Delivery,Cancelled
483,40,37,3,2026-03-16 05:56:23.690987,30483.6,Credit Card,Cancelled
484,45,15,4,2026-03-17 03:48:40.171673,64741.84,Credit Card,Completed
485,96,44,4,2026-03-18 01:40:56.652360,175489.24,Debit Card,Completed
486,62,36,3,2026-03-18 23:33:13.133047,119351.52,UPI,Completed
487,93,15,4,2026-03-19 21:25:29.613733,64741.84,UPI,Pending
488,115,43,2,2026-03-20 19:17:46.094420,36011.28,Net Banking,Completed
489,58,48,2,2026-03-21 17:10:02.575107,37819.06,Debit Card,Completed
490,67,23,3,2026-03-22 15:02:19.055793,52525.59,Net Banking,Completed
491,56,6,1,2026-03-23 12:54:35.536480,29103.79,Debit Card,Completed
492,40,46,2,2026-03-24 10:46:52.017167,81696.62,Cash on Delivery,Completed
493,98,50,4,2026-03-25 08:39:08.497854,60555.04,Credit Card,Cancelled
494,40,44,1,2026-03-26 06:31:24.978540,43872.31,Cash on Delivery,Completed
495,91,59,1,2026-03-27 04:23:41.459227,5933.21,Debit Card,Completed
496,77,43,2,2026-03-28 02:15:57.939914,36011.28,Credit Card,Completed
497,109,45,2,2026-03-29 00:08:14.420600,39366.02,UPI,Completed
498,33,21,1,2026-03-29 22:00:30.901287,23631.65,UPI,Cancelled
499,6,23,1,2026-03-30 19:52:47.381974,17508.53,Net Banking,Pending
500,88,43,3,2026-03-31 17:45:03.862660,54016.92,Debit Card,Completed
501,19,55,4,2026-04-01 15:37:20.343347,77024.68,Debit Card,Completed
502,80,16,3,2026-04-02 13:29:36.824034,121538.19,UPI,Completed
503,40,47,2,2026-04-03 11:21:53.304721,44025.66,Cash on Delivery,Completed
504,92,53,3,2026-04-04 09:14:09.785407,35062.23,Credit Card,Completed
505,97,60,3,2026-04-05 07:06:26.266094,140992.86,Cash on Delivery,Pending
506,59,15,3,2026-04-06 04:58:42.746781,48556.38,Cash on Delivery,Completed
507,59,25,3,2026-04-07 02:50:59.227467,124643.73,UPI,Completed
508,48,36,4,2026-04-08 00:43:15.708154,159135.36,UPI,Cancelled
509,41,11,4,2026-04-08 22:35:32.188841,67586.2,UPI,Completed
510,13,51,1,2026-04-09 20:27:48.669527,37405.71,Net Banking,Cancelled
511,107,15,2,2026-04-10 18:20:05.150214,32370.92,Cash on Delivery,Completed
512,45,4,3,2026-04-11 16:12:21.630901,91709.82,Debit Card,Cancelled
513,89,21,1,2026-04-12 14:04:38.111587,23631.65,Credit Card,Completed
514,53,13,1,2026-04-13 11:56:54.592274,3262.41,Net Banking,Completed
515,42,22,1,2026-04-14 09:49:11.072961,20650.86,Debit Card,Completed
516,100,19,4,2026-04-15 07:41:27.553648,152141.48,Cash on Delivery,Completed
517,63,34,3,2026-04-16 05:33:44.034334,126321.78,UPI,Completed
518,27,14,3,2026-04-17 03:26:00.515021,148497.06,Cash on Delivery,Completed
519,38,4,2,2026-04-18 01:18:16.995708,61139.88,Credit Card,Completed
520,60,48,3,2026-04-18 23:10:33.476394,56728.59,Net Banking,Completed
521,7,53,3,2026-04-19 21:02:49.957081,35062.23,Net Banking,Cancelled
522,5,52,1,2026-04-20 18:55:06.437768,25185.75,Credit Card,Completed
523,107,46,2,2026-04-21 16:47:22.918454,81696.62,Debit Card,Completed
524,45,27,3,2026-04-22 14:39:39.399141,18907.29,Debit Card,Completed
525,58,29,4,2026-04-23 12:31:55.879828,187692.76,Net Banking,Completed
526,115,47,3,2026-04-24 10:24:12.360515,66038.49,Net Banking,Completed
527,31,28,1,2026-04-25 08:16:28.841201,36570.29,UPI,Completed
528,23,35,4,2026-04-26 06:08:45.321888,28298.56,Debit Card,Completed
529,42,8,1,2026-04-27 04:01:01.802575,24108.89,Credit Card,Cancelled
530,10,16,3,2026-04-28 01:53:18.283261,121538.19,Debit Card,Completed
531,32,42,4,2026-04-28 23:45:34.763948,104803.84,UPI,Completed
532,107,36,2,2026-04-29 21:37:51.244635,79567.68,Net Banking,Completed
533,53,30,2,2026-04-30 19:30:07.725321,18287.06,Net Banking,Pending
534,30,18,4,2026-05-01 17:22:24.206008,136427.96,UPI,Completed
535,39,2,4,2026-05-02 15:14:40.686695,48785.0,Credit Card,Cancelled
536,31,49,1,2026-05-03 13:06:57.167381,23187.72,Net Banking,Completed
537,82,13,4,2026-05-04 10:59:13.648068,13049.64,Cash on Delivery,Cancelled
538,100,4,1,2026-05-05 08:51:30.128755,30569.94,Net Banking,Completed
539,2,26,3,2026-05-06 06:43:46.609442,144764.52,Cash on Delivery,Cancelled
540,78,25,1,2026-05-07 04:36:03.090128,41547.91,UPI,Completed
541,77,30,4,2026-05-08 02:28:19.570815,36574.12,UPI,Completed
542,93,11,4,2026-05-09 00:20:36.051502,67586.2,Net Banking,Cancelled
543,12,7,3,2026-05-09 22:12:52.532188,23408.1,Debit Card,Completed
544,39,31,4,2026-05-10 20:05:09.012875,13672.64,Cash on Delivery,Completed
545,66,44,4,2026-05-11 17:57:25.493562,175489.24,Credit Card,Completed
546,96,10,2,2026-05-12 15:49:41.974248,5371.98,Net Banking,Completed
547,13,39,2,2026-05-13 13:41:58.454935,16593.72,Credit Card,Completed
548,46,13,3,2026-05-14 11:34:14.935622,9787.23,Net Banking,Cancelled
549,27,31,1,2026-05-15 09:26:31.416309,3418.16,Debit Card,Completed
550,113,7,2,2026-05-16 07:18:47.896995,15605.4,Debit Card,Completed
551,105,56,1,2026-05-17 05:11:04.377682,27223.29,Debit Card,Cancelled
552,17,49,4,2026-05-18 03:03:20.858369,92750.88,Debit Card,Cancelled
553,104,42,2,2026-05-19 00:55:37.339055,52401.92,UPI,Pending
554,95,42,3,2026-05-19 22:47:53.819742,78602.88,UPI,Completed
555,98,56,3,2026-05-20 20:40:10.300429,81669.87,Cash on Delivery,Completed
556,60,36,3,2026-05-21 18:32:26.781115,119351.52,Credit Card,Completed
557,64,20,2,2026-05-22 16:24:43.261802,59644.74,Net Banking,Completed
558,88,4,1,2026-05-23 14:16:59.742489,30569.94,Net Banking,Completed
559,109,54,4,2026-05-24 12:09:16.223175,179955.08,UPI,Cancelled
560,35,7,1,2026-05-25 10:01:32.703862,7802.7,Net Banking,Cancelled
561,112,54,1,2026-05-26 07:53:49.184549,44988.77,UPI,Completed
562,70,1,4,2026-05-27 05:46:05.665236,101719.04,Cash on Delivery,Completed
563,83,44,4,2026-05-28 03:38:22.145922,175489.24,Credit Card,Pending
564,30,56,2,2026-05-29 01:30:38.626609,54446.58,Cash on Delivery,Completed
565,71,45,2,2026-05-29 23:22:55.107296,39366.02,Debit Card,Pending
566,74,42,2,2026-05-30 21:15:11.587982,52401.92,Debit Card,Completed
567,105,47,2,2026-05-31 19:07:28.068669,44025.66,Debit Card,Completed
568,96,59,2,2026-06-01 16:59:44.549356,11866.42,Cash on Delivery,Completed
569,98,13,4,2026-06-02 14:52:01.030042,13049.64,Net Banking,Completed
570,63,55,1,2026-06-03 12:44:17.510729,19256.17,Credit Card,Completed
571,28,22,2,2026-06-04 10:36:33.991416,41301.72,Debit Card,Cancelled
572,60,54,2,2026-06-05 08:28:50.472103,89977.54,Debit Card,Completed
573,79,21,1,2026-06-06 06:21:06.952789,23631.65,Debit Card,Completed
574,94,22,2,2026-06-07 04:13:23.433476,41301.72,Credit Card,Completed
575,37,28,1,2026-06-08 02:05:39.914163,36570.29,Debit Card,Cancelled
576,93,9,1,2026-06-08 23:57:56.394849,26676.21,Credit Card,Completed
577,22,26,4,2026-06-09 21:50:12.875536,193019.36,Debit Card,Completed
578,68,9,3,2026-06-10 19:42:29.356223,80028.63,Cash on Delivery,Cancelled
579,20,15,4,2026-06-11 17:34:45.836909,64741.84,Cash on Delivery,Completed
580,96,10,3,2026-06-12 15:27:02.317596,8057.97,Credit Card,Completed
581,100,24,3,2026-06-13 13:19:18.798283,139450.5,Cash on Delivery,Completed
582,114,58,3,2026-06-14 11:11:35.278969,93748.44,Credit Card,Completed
583,68,57,2,2026-06-15 09:03:51.759656,90665.92,Cash on Delivery,Completed
584,91,42,4,2026-06-16 06:56:08.240343,104803.84,Cash on Delivery,Completed
585,64,8,3,2026-06-17 04:48:24.721030,72326.67,Credit Card,Cancelled
586,17,24,1,2026-06-18 02:40:41.201716,46483.5,Net Banking,Completed
587,12,16,2,2026-06-19 00:32:57.682403,81025.46,Cash on Delivery,Cancelled
588,22,49,4,2026-06-19 22:25:14.163090,92750.88,Debit Card,Cancelled
589,17,26,3,2026-06-20 20:17:30.643776,144764.52,Net Banking,Pending
590,10,27,1,2026-06-21 18:09:47.124463,6302.43,Credit Card,Cancelled
591,118,37,4,2026-06-22 16:02:03.605150,40644.8,Net Banking,Pending
592,65,4,4,2026-06-23 13:54:20.085836,122279.76,UPI,Completed
593,22,50,2,2026-06-24 11:46:36.566523,30277.52,UPI,Completed
594,90,24,4,2026-06-25 09:38:53.047210,185934.0,Cash on Delivery,Cancelled
595,120,19,2,2026-06-26 07:31:09.527897,76070.74,Cash on Delivery,Completed
596,82,36,3,2026-06-27 05:23:26.008583,119351.52,Debit Card,Completed
597,50,60,2,2026-06-28 03:15:42.489270,93995.24,Net Banking,Pending
598,14,39,1,2026-06-29 01:07:58.969957,8296.86,UPI,Pending
599,64,10,2,2026-06-29 23:00:15.450643,5371.98,Cash on Delivery,Cancelled
600,47,25,1,2026-06-30 20:52:31.931330,41547.91,Net Banking,Completed
601,29,18,2,2026-07-01 18:44:48.412017,68213.98,Cash on Delivery,Completed
602,76,19,4,2026-07-02 16:37:04.892703,152141.48,Cash on Delivery,Pending
603,36,36,3,2026-07-03 14:29:21.373390,119351.52,UPI,Cancelled
604,99,10,1,2026-07-04 12:21:37.854077,2685.99,UPI,Cancelled
605,52,33,2,2026-07-05 10:13:54.334763,57532.42,Cash on Delivery,Completed
606,76,55,2,2026-07-06 08:06:10.815450,38512.34,Credit Card,Completed
607,7,50,2,2026-07-07 05:58:27.296137,30277.52,Cash on Delivery,Completed
608,29,5,4,2026-07-08 03:50:43.776824,58010.64,Cash on Delivery,Pending
609,11,47,4,2026-07-09 01:43:00.257510,88051.32,Debit Card,Completed
610,33,49,1,2026-07-09 23:35:16.738197,23187.72,Debit Card,Completed
611,6,35,1,2026-07-10 21:27:33.218884,7074.64,Debit Card,Completed
612,111,44,4,2026-07-11 19:19:49.699570,175489.24,Credit Card,Pending
613,79,34,1,2026-07-12 17:12:06.180257,42107.26,Credit Card,Completed
614,32,33,3,2026-07-13 15:04:22.660944,86298.63,Cash on Delivery,Completed
615,51,55,3,2026-07-14 12:56:39.141630,57768.51,Debit Card,Completed
616,75,21,4,2026-07-15 10:48:55.622317,94526.6,Credit Card,Cancelled
617,58,17,1,2026-07-16 08:41:12.103004,12806.57,UPI,Cancelled
618,87,22,2,2026-07-17 06:33:28.583690,41301.72,Cash on Delivery,Completed
619,26,48,3,2026-07-18 04:25:45.064377,56728.59,Net Banking,Completed
620,98,37,4,2026-07-19 02:18:01.545064,40644.8,Cash on Delivery,Pending
621,46,15,1,2026-07-20 00:10:18.025751,16185.46,Net Banking,Pending
622,98,35,4,2026-07-20 22:02:34.506437,28298.56,Debit Card,Cancelled
623,29,28,2,2026-07-21 19:54:50.987124,73140.58,Net Banking,Completed
624,4,7,3,2026-07-22 17:47:07.467811,23408.1,Debit Card,Completed
625,81,32,4,2026-07-23 15:39:23.948497,148327.68,UPI,Completed
626,99,11,4,2026-07-24 13:31:40.429184,67586.2,Net Banking,Pending
627,13,10,4,2026-07-25 11:23:56.909871,10743.96,Cash on Delivery,Completed
628,105,9,2,2026-07-26 09:16:13.390557,53352.42,Debit Card,Pending
629,39,14,4,2026-07-27 07:08:29.871244,197996.08,Cash on Delivery,Completed
630,15,13,2,2026-07-28 05:00:46.351931,6524.82,Credit Card,Pending
631,119,57,2,2026-07-29 02:53:02.832618,90665.92,Debit Card,Completed
632,29,25,2,2026-07-30 00:45:19.313304,83095.82,Net Banking,Pending
633,29,2,3,2026-07-30 22:37:35.793991,36588.75,Debit Card,Cancelled
634,75,35,3,2026-07-31 20:29:52.274678,21223.92,Cash on Delivery,Pending
635,116,7,4,2026-08-01 18:22:08.755364,31210.8,UPI,Cancelled
636,32,21,4,2026-08-02 16:14:25.236051,94526.6,Debit Card,Completed
637,2,18,3,2026-08-03 14:06:41.716738,102320.97,Net Banking,Completed
638,47,3,1,2026-08-04 11:58:58.197424,5830.36,Credit Card,Completed
639,78,42,3,2026-08-05 09:51:14.678111,78602.88,UPI,Completed
640,84,54,2,2026-08-06 07:43:31.158798,89977.54,Credit Card,Completed
641,22,39,3,2026-08-07 05:35:47.639484,24890.58,Debit Card,Completed
642,75,41,2,2026-08-08 03:28:04.120171,66586.68,Cash on Delivery,Pending
643,27,49,4,2026-08-09 01:20:20.600858,92750.88,Cash on Delivery,Completed
644,67,11,1,2026-08-09 23:12:37.081545,16896.55,Net Banking,Completed
645,81,39,4,2026-08-10 21:04:53.562231,33187.44,Cash on Delivery,Completed
646,108,24,2,2026-08-11 18:57:10.042918,92967.0,UPI,Completed
647,56,60,2,2026-08-12 16:49:26.523605,93995.24,Cash on Delivery,Pending
648,92,46,2,2026-08-13 14:41:43.004291,81696.62,Net Banking,Completed
649,93,19,1,2026-08-14 12:33:59.484978,38035.37,Debit Card,Completed
650,21,4,3,2026-08-15 10:26:15.965665,91709.82,Debit Card,Completed
651,47,26,4,2026-08-16 08:18:32.446351,193019.36,Cash on Delivery,Completed
652,80,38,4,2026-08-17 06:10:48.927038,33065.72,Credit Card,Completed
653,101,42,3,2026-08-18 04:03:05.407725,78602.88,Debit Card,Completed
654,59,32,4,2026-08-19 01:55:21.888412,148327.68,Cash on Delivery,Cancelled
655,84,39,1,2026-08-19 23:47:38.369098,8296.86,Net Banking,Cancelled
656,6,45,4,2026-08-20 21:39:54.849785,78732.04,Cash on Delivery,Pending
657,19,46,2,2026-08-21 19:32:11.330472,81696.62,Debit Card,Completed
658,57,36,3,2026-08-22 17:24:27.811158,119351.52,Net Banking,Completed
659,69,40,1,2026-08-23 15:16:44.291845,40747.28,Cash on Delivery,Completed
660,3,37,3,2026-08-24 13:09:00.772532,30483.6,UPI,Completed
661,1,33,1,2026-08-25 11:01:17.253218,28766.21,Net Banking,Completed
662,58,36,2,2026-08-26 08:53:33.733905,79567.68,UPI,Completed
663,38,3,3,2026-08-27 06:45:50.214592,17491.08,Credit Card,Completed
664,15,9,4,2026-08-28 04:38:06.695278,106704.84,Net Banking,Completed
665,34,8,1,2026-08-29 02:30:23.175965,24108.89,UPI,Completed
666,61,33,3,2026-08-30 00:22:39.656652,86298.63,Debit Card,Pending
667,35,59,4,2026-08-30 22:14:56.137339,23732.84,Debit Card,Completed
668,64,6,3,2026-08-31 20:07:12.618025,87311.37,Credit Card,Completed
669,113,41,3,2026-09-01 17:59:29.098712,99880.02,Net Banking,Cancelled
670,25,39,3,2026-09-02 15:51:45.579399,24890.58,Net Banking,Pending
671,24,4,1,2026-09-03 13:44:02.060085,30569.94,Net Banking,Completed
672,12,13,4,2026-09-04 11:36:18.540772,13049.64,Credit Card,Completed
673,18,49,2,2026-09-05 09:28:35.021459,46375.44,Net Banking,Completed
674,15,60,1,2026-09-06 07:20:51.502145,46997.62,Debit Card,Completed
675,108,2,1,2026-09-07 05:13:07.982832,12196.25,UPI,Completed
676,80,60,1,2026-09-08 03:05:24.463519,46997.62,Debit Card,Cancelled
677,27,5,2,2026-09-09 00:57:40.944206,29005.32,Debit Card,Completed
678,72,44,4,2026-09-09 22:49:57.424892,175489.24,UPI,Cancelled
679,60,27,4,2026-09-10 20:42:13.905579,25209.72,Debit Card,Pending
680,46,32,4,2026-09-11 18:34:30.386266,148327.68,Credit Card,Pending
681,89,21,3,2026-09-12 16:26:46.866952,70894.95,UPI,Completed
682,17,8,3,2026-09-13 14:19:03.347639,72326.67,Debit Card,Completed
683,93,38,3,2026-09-14 12:11:19.828326,24799.29,Cash on Delivery,Cancelled
684,53,8,2,2026-09-15 10:03:36.309012,48217.78,Debit Card,Completed
685,8,50,3,2026-09-16 07:55:52.789699,45416.28,Credit Card,Completed
686,79,3,2,2026-09-17 05:48:09.270386,11660.72,Net Banking,Completed
687,27,54,4,2026-09-18 03:40:25.751072,179955.08,Debit Card,Completed
688,46,44,3,2026-09-19 01:32:42.231759,131616.93,Net Banking,Cancelled
689,50,58,3,2026-09-19 23:24:58.712446,93748.44,Cash on Delivery,Completed
690,116,3,1,2026-09-20 21:17:15.193133,5830.36,Debit Card,Completed
691,71,22,2,2026-09-21 19:09:31.673819,41301.72,UPI,Completed
692,3,6,4,2026-09-22 17:01:48.154506,116415.16,Net Banking,Completed
693,93,2,1,2026-09-23 14:54:04.635193,12196.25,Cash on Delivery,Completed
694,64,23,1,2026-09-24 12:46:21.115879,17508.53,UPI,Completed
695,44,44,4,2026-09-25 10:38:37.596566,175489.24,UPI,Completed
696,53,2,1,2026-09-26 08:30:54.077253,12196.25,UPI,Completed
697,24,38,2,2026-09-27 06:23:10.557939,16532.86,UPI,Completed
698,60,17,2,2026-09-28 04:15:27.038626,25613.14,Debit Card,Completed
699,3,35,3,2026-09-29 02:07:43.519313,21223.92,Debit Card,Completed
700,20,34,1,2026-09-30 00:00:00.000000,42107.26,Debit Card,Completed
